DROP TABLE IF EXISTS configurations;

CREATE TABLE `configurations` (
  `ID` bigint(20) unsigned NOT NULL AUTO_INCREMENT,
  `FullName` varchar(50) DEFAULT NULL,
  `CompanyName` varchar(100) DEFAULT NULL,
  `SiteTitle` varchar(255) DEFAULT NULL,
  `Domain` varchar(255) DEFAULT NULL,
  `Address` varchar(255) DEFAULT NULL,
  `Email` varchar(150) DEFAULT NULL,
  `GasRate` float NOT NULL,
  `RetailGasRate` float NOT NULL,
  `DropboxEmail` text NOT NULL,
  `AlertReceiver` varchar(255) DEFAULT '',
  `SMTPHost` varchar(255) DEFAULT '',
  `SMTPUser` varchar(255) DEFAULT '',
  `SMTPPassword` varchar(20) DEFAULT '',
  `Number` varchar(20) DEFAULT NULL,
  `FaxNumber` varchar(20) DEFAULT NULL,
  `Password` varchar(15) DEFAULT NULL,
  `Logo` text NOT NULL,
  `SMSUsername` text NOT NULL,
  `SMSPassword` text NOT NULL,
  `CaptchaVerification` int(11) NOT NULL DEFAULT '1',
  `BarCodeLength` int(11) NOT NULL DEFAULT '4',
  `DateModified` datetime DEFAULT NULL,
  PRIMARY KEY (`ID`)
) ENGINE=MyISAM AUTO_INCREMENT=2 DEFAULT CHARSET=utf8;

INSERT INTO configurations VALUES("1","Inventory & Sales Management System","Sindh Gas Direct","Sindh Gas Direct","","Plant - Hyderabad","asg_ali@hotmail.com","118.64","118.64","2019-01-27","03453041744","mail.kashanshah.tk","pos@kashanshah.tk","poscis123?","","","123","logo.jpg","sindhgas138","11138","0","12","2019-01-27 00:00:00");



DROP TABLE IF EXISTS cylinder_savings;

CREATE TABLE `cylinder_savings` (
  `ID` int(11) NOT NULL AUTO_INCREMENT,
  `CylinderID` int(11) NOT NULL,
  `UserID` int(11) NOT NULL,
  `PurchaseID` int(11) NOT NULL,
  `SaleID` int(11) NOT NULL,
  `Savings` float NOT NULL,
  `PerformedBy` int(11) NOT NULL,
  `DateAdded` date NOT NULL,
  `DateModified` date NOT NULL,
  PRIMARY KEY (`ID`)
) ENGINE=InnoDB AUTO_INCREMENT=3 DEFAULT CHARSET=utf8mb4;

INSERT INTO cylinder_savings VALUES("2","81","249","0","27","0.5","222","2019-01-27","2019-01-27");



DROP TABLE IF EXISTS cylinders;

CREATE TABLE `cylinders` (
  `ID` int(10) unsigned NOT NULL AUTO_INCREMENT,
  `BarCode` text NOT NULL,
  `Description` text NOT NULL,
  `ShortDescription` text NOT NULL,
  `TierWeight` float NOT NULL,
  `Commercial` int(11) NOT NULL,
  `ManufacturingDate` date NOT NULL,
  `ExpiryDate` date NOT NULL,
  `PlantID` int(11) NOT NULL,
  `Status` int(11) NOT NULL,
  `PerformedBy` int(11) NOT NULL,
  `DateAdded` datetime NOT NULL,
  `DateModified` datetime NOT NULL,
  PRIMARY KEY (`ID`)
) ENGINE=InnoDB AUTO_INCREMENT=140 DEFAULT CHARSET=latin1;

INSERT INTO cylinders VALUES("3","000707","","MADE BY HITEK 11.8KG s# 707","13.6","0","2019-01-01","2024-01-01","216","0","216","2019-03-05 05:39:31","2019-01-27 00:00:00");
INSERT INTO cylinders VALUES("4","000495","","MADE BY HITEK 11.8KG S#3495","13.6","0","2019-01-01","2024-01-01","216","1","216","2019-03-05 05:40:56","2019-01-27 00:00:00");
INSERT INTO cylinders VALUES("5","000451","","MADE BY HITEK 11.8KG S#451","13.7","0","2019-01-01","2024-01-01","216","1","216","2019-03-05 05:43:09","2019-03-05 05:43:09");
INSERT INTO cylinders VALUES("6","000426","","MADE BY HITEK 11.8KG S#426","13.3","0","2019-01-01","2024-01-01","216","1","216","2019-03-05 05:45:23","2019-03-05 05:45:23");
INSERT INTO cylinders VALUES("7","000486","","MADE BY HITEK 11.8KG S#486","13.6","0","2019-01-01","2024-01-01","216","1","216","2019-03-05 05:46:24","2019-03-05 05:46:24");
INSERT INTO cylinders VALUES("8","000611","","MADE BY HITEK 11.8KG S#611","13.7","0","2019-01-01","2024-01-01","216","1","216","2019-03-05 05:47:41","2019-03-05 05:47:41");
INSERT INTO cylinders VALUES("9","000641","","MADE BY HITEK 11.8KG S#641","13.6","0","2019-01-01","2024-01-01","216","1","216","2019-03-05 05:48:50","2019-03-05 05:48:50");
INSERT INTO cylinders VALUES("10","000487","","MADE BY HITEK 11.8KG S#487","13.5","0","2019-01-01","2024-01-01","216","0","216","2019-03-05 05:49:33","2019-01-27 00:00:00");
INSERT INTO cylinders VALUES("11","000511","","MADE BY HITEK 11.8KG S#511","13.5","0","2019-01-01","2024-01-01","216","1","216","2019-03-05 05:50:27","2019-03-05 05:50:27");
INSERT INTO cylinders VALUES("12","000504","","MADE BY HITEK 11.8KG S#504","13.6","0","2019-01-01","2024-01-01","216","0","216","2019-03-05 05:51:15","2019-01-27 00:00:00");
INSERT INTO cylinders VALUES("13","000553","","MADE BY HITEK 11.8KG S#553","13.6","0","2019-01-01","2024-01-01","216","0","216","2019-03-05 05:51:48","2019-01-27 00:00:00");
INSERT INTO cylinders VALUES("14","000419","","MADE BY HITEK 11.8KG S#419","13.6","0","2019-01-01","2024-01-01","216","1","216","2019-03-05 05:52:36","2019-03-05 05:52:36");
INSERT INTO cylinders VALUES("15","000653","","MADE BY HITEK 11.8KG S#653","13.6","0","2019-01-01","2024-01-01","216","0","216","2019-03-05 05:53:32","2019-01-27 00:00:00");
INSERT INTO cylinders VALUES("16","000552","","MADE BY HITEK 11.8KG S#552","13.6","0","2019-01-01","2024-01-01","216","0","216","2019-03-05 05:54:22","2019-01-27 00:00:00");
INSERT INTO cylinders VALUES("17","000581","","MADE BY HITEK 11.8KG S#581","13.7","0","2019-01-01","2024-01-01","216","1","216","2019-03-05 05:55:37","2019-03-05 05:55:37");
INSERT INTO cylinders VALUES("18","000807","","MADE BY HITEK 11.8KG S#807","13.6","0","2019-01-01","2024-01-01","216","0","216","2019-03-05 06:03:30","2019-01-27 00:00:00");
INSERT INTO cylinders VALUES("19","000584","","MADE BY HITEK 11.8KG S#584","13.6","0","2019-01-01","2024-01-01","216","1","216","2019-03-05 06:04:25","2019-03-05 06:04:25");
INSERT INTO cylinders VALUES("20","000701","","MADE BY HITEK 11.8KG S#701","13.5","0","2019-01-01","2024-01-01","216","0","216","2019-03-05 06:05:17","2019-01-27 00:00:00");
INSERT INTO cylinders VALUES("21","000663","","MADE BY HITEK 11.8KG S#663","13.6","0","2019-01-01","2024-01-01","216","1","216","2019-03-05 06:06:01","2019-03-05 06:06:01");
INSERT INTO cylinders VALUES("22","000609","","MADE BY HITEK 11.8KG S#609","13.8","0","2019-01-01","2024-01-01","216","0","216","2019-03-05 06:06:46","2019-01-27 00:00:00");
INSERT INTO cylinders VALUES("23","000697","","MADE BY HITEK 11.8KG S#697","13.4","0","2019-01-01","2024-01-01","216","0","216","2019-03-05 06:07:27","2019-01-27 00:00:00");
INSERT INTO cylinders VALUES("24","000482","","MADE BY HITEK 11.8KG S#482","13.5","0","2019-01-01","2024-01-01","216","1","216","2019-03-05 06:08:02","2019-03-05 06:08:02");
INSERT INTO cylinders VALUES("25","000522","","MADE BY HITEK 11.8KG S#522","13.6","0","2019-01-01","2024-01-01","216","0","216","2019-03-05 06:08:39","2019-01-27 00:00:00");
INSERT INTO cylinders VALUES("26","000631","","MADE BY HITEK 11.8KG S#631","13.6","0","2019-01-01","2024-01-01","216","0","216","2019-03-05 06:09:37","2019-01-27 00:00:00");
INSERT INTO cylinders VALUES("27","000647","","MADE BY HITEK 11.8KG S#647","13.7","0","2019-01-01","2024-01-01","216","0","216","2019-03-05 06:10:23","2019-01-27 00:00:00");
INSERT INTO cylinders VALUES("28","000425","","MADE BY HITEK 11.8KG S#425","13.5","0","2019-01-01","2024-01-01","216","1","216","2019-03-05 06:11:02","2019-03-05 06:11:02");
INSERT INTO cylinders VALUES("29","000702","","MADE BY HITEK 11.8KG S#702","13.4","0","2019-01-01","2024-01-01","216","0","216","2019-03-05 06:11:47","2019-01-27 00:00:00");
INSERT INTO cylinders VALUES("30","000673","","MADE BY HITEK 11.8KG S#673","13.5","0","2019-01-01","2024-01-01","216","1","216","2019-03-05 06:12:40","2019-03-05 06:12:40");
INSERT INTO cylinders VALUES("31","000676","","MADE BY HITEK 11.8KG S#676","13.6","0","2019-01-01","2024-01-01","216","0","216","2019-03-05 06:13:27","2019-01-27 00:00:00");
INSERT INTO cylinders VALUES("32","000618","","MADE BY HITEK 11.8KG S#618","13.4","0","2019-01-01","2024-01-01","216","0","216","2019-03-05 06:14:19","2019-01-27 00:00:00");
INSERT INTO cylinders VALUES("33","000589","","MADE BY HITEK 11.8KG S#589","13.6","0","2019-01-01","2024-01-01","216","1","216","2019-03-05 06:15:01","2019-03-05 06:15:01");
INSERT INTO cylinders VALUES("34","000652","","MADE BY HITEK 11.8KG S#652","13.6","0","2019-01-01","2024-01-01","216","0","216","2019-03-05 06:15:39","2019-01-27 00:00:00");
INSERT INTO cylinders VALUES("35","000462","","MADE BY HITEK 11.8KG S#462","13.5","0","2019-01-01","2024-01-01","216","1","216","2019-03-05 06:18:11","2019-03-05 06:18:11");
INSERT INTO cylinders VALUES("36","000478","","MADE BY HITEK 11.8KG S#478","13.6","0","2019-01-01","2024-01-01","216","1","216","2019-03-05 06:18:58","2019-03-05 06:18:58");
INSERT INTO cylinders VALUES("37","000568","","MADE BY HITEK 11.8KG S#568","13.5","0","2019-01-01","2024-01-01","216","0","216","2019-03-05 06:20:09","2019-01-27 00:00:00");
INSERT INTO cylinders VALUES("38","000481","","MADE BY HITEK 11.8KG S#481","13.5","0","2019-01-01","2024-01-01","216","0","216","2019-03-05 06:21:03","2019-01-27 00:00:00");
INSERT INTO cylinders VALUES("39","000588","","MADE BY HITEK 11.8KG S#588","13.5","0","2019-01-01","2024-01-01","216","1","216","2019-03-05 06:21:43","2019-03-05 06:21:43");
INSERT INTO cylinders VALUES("40","000689","","MADE BY HITEK 11.8KG S#689","13.5","0","2019-01-01","2024-01-01","216","1","216","2019-03-05 06:22:22","2019-03-05 06:22:22");
INSERT INTO cylinders VALUES("41","000532","","MADE BY HITEK 11.8KG S#532","13.6","0","2019-01-01","2024-01-01","216","0","216","2019-03-05 06:23:59","2019-01-27 00:00:00");
INSERT INTO cylinders VALUES("42","0000069","","MADE BY HITEK 45.4KG S#069","40.9","1","2019-01-01","2024-01-01","216","1","216","2019-03-05 06:26:41","2019-03-05 06:26:41");
INSERT INTO cylinders VALUES("43","0000102","","MADE BY HITEK 45.4KG S#102","40.8","1","2019-01-01","2024-01-01","216","1","216","2019-03-05 06:27:54","2019-03-05 06:27:54");
INSERT INTO cylinders VALUES("44","0000079","","MADE BY HITEK 45.4KG S#079","41","1","2019-01-01","2024-01-01","216","1","216","2019-03-05 06:29:05","2019-03-05 06:29:05");
INSERT INTO cylinders VALUES("45","0000073","","MADE BY HITEK 45.4KG S#073","41.1","1","2019-01-01","2024-01-01","216","1","216","2019-03-05 06:29:54","2019-03-05 06:29:54");
INSERT INTO cylinders VALUES("46","0000088","","MADE BY HITEK 45.4KG S#088","41","1","2019-01-01","2024-01-01","216","1","216","2019-03-05 06:30:55","2019-03-05 06:30:55");
INSERT INTO cylinders VALUES("47","0000076","","MADE BY HITEK 45.4KG S#076","41","1","2019-01-01","2024-01-01","216","1","216","2019-03-05 06:32:05","2019-03-05 06:32:05");
INSERT INTO cylinders VALUES("48","0000064","","MADE BY HITEK 45.4KG S#064","41.3","1","2019-01-01","2024-01-01","216","0","216","2019-03-05 06:33:12","2019-01-27 00:00:00");
INSERT INTO cylinders VALUES("49","0000077","","MADE BY HITEK 45.4KG S#077","40.7","1","2019-01-01","2024-01-01","216","1","216","2019-03-05 06:34:03","2019-03-05 06:34:03");
INSERT INTO cylinders VALUES("50","0000085","","MADE BY HITEK 45.4KG S#085","41","1","2019-01-01","2024-01-01","216","1","216","2019-03-05 06:34:53","2019-03-05 06:34:53");
INSERT INTO cylinders VALUES("51","0000091","","MADE BY HITEK 45.4KG S#091","41","1","2019-01-01","2024-01-01","216","1","216","2019-03-05 06:41:40","2019-03-05 06:41:40");
INSERT INTO cylinders VALUES("52","0000103","","MADE BY HITEK 45.4KG S#103","40.9","1","2019-01-01","2024-01-01","216","1","216","2019-03-05 06:43:01","2019-03-05 06:43:01");
INSERT INTO cylinders VALUES("53","0000099","","MADE BY HITEK 45.4KG S#099","41.2","1","2019-01-01","2024-01-01","216","0","216","2019-03-05 06:45:08","2019-01-27 00:00:00");
INSERT INTO cylinders VALUES("54","0000070","","MADE BY HITEK 45.4KG S#070","41.1","1","2019-01-01","2024-01-01","216","0","216","2019-03-05 06:46:05","2019-01-27 00:00:00");
INSERT INTO cylinders VALUES("55","0000092","","MADE BY HITEK 45.4KG S#092","40.8","1","2019-01-01","2024-01-01","216","1","216","2019-03-05 06:47:07","2019-03-05 06:47:07");
INSERT INTO cylinders VALUES("56","0000096","","MADE BY HITEK 45.4KG S#096","41.1","1","2019-01-01","2024-01-01","216","0","216","2019-03-05 06:48:01","2019-01-27 00:00:00");
INSERT INTO cylinders VALUES("57","600097","","MADE BY HITEK 06KG S#097","8.45","0","2019-01-01","2024-01-01","216","1","216","2019-03-05 07:25:10","2019-03-05 07:25:10");
INSERT INTO cylinders VALUES("58","600017","","MADE BY HITEK 06KG S#017","8.4","0","2019-01-01","2024-01-01","216","1","216","2019-03-05 07:26:26","2019-03-05 07:26:26");
INSERT INTO cylinders VALUES("59","600016","","MADE BY HITEK 06KG S#016","8.36","0","2019-01-01","2024-01-01","216","1","216","2019-03-05 07:27:07","2019-03-05 07:27:07");
INSERT INTO cylinders VALUES("60","600098","","MADE BY HITEK 06KG S#098","8.34","0","2019-01-01","2024-01-01","216","1","216","2019-03-05 07:27:54","2019-03-05 07:27:54");
INSERT INTO cylinders VALUES("61","600029","","MADE BY HITEK 06KG S#029","8.44","0","2019-01-01","2024-01-01","216","1","216","2019-03-05 07:28:45","2019-03-05 07:28:45");
INSERT INTO cylinders VALUES("62","600005","","MADE BY HITEK 06KG S#005","8.26","0","2019-01-01","2024-01-01","216","1","216","2019-03-05 07:29:31","2019-03-05 07:29:31");
INSERT INTO cylinders VALUES("63","600099","","MADE BY HITEK 06KG S#099","8.44","0","2019-01-01","2024-01-01","216","1","216","2019-03-05 07:30:07","2019-03-05 07:30:07");
INSERT INTO cylinders VALUES("64","600085","","MADE BY HITEK 06KG S#085","8.38","0","2019-01-01","2024-01-01","216","1","216","2019-03-05 07:30:52","2019-03-05 07:30:52");
INSERT INTO cylinders VALUES("65","600015","","MADE BY HITEK 06KG S#015","8.44","0","2019-01-01","2024-01-01","216","1","216","2019-03-05 07:31:36","2019-03-05 07:31:36");
INSERT INTO cylinders VALUES("66","600040","","MADE BY HITEK 06KG S#040","8.26","0","2019-01-01","2024-01-01","216","1","216","2019-03-05 07:32:09","2019-03-05 07:32:09");
INSERT INTO cylinders VALUES("67","600028","","MADE BY HITEK 06KG S#028","8.36","0","2019-01-01","2024-01-01","216","1","216","2019-03-05 07:32:46","2019-03-05 07:32:46");
INSERT INTO cylinders VALUES("68","600058","","MADE BY HITEK 06KG S#058","8.18","0","2019-01-01","2024-01-01","216","1","216","2019-03-05 07:33:36","2019-03-05 07:33:36");
INSERT INTO cylinders VALUES("69","600010","","MADE BY HITEK 06KG S#010","8.38","0","2019-01-01","2024-01-01","216","1","216","2019-03-05 07:34:18","2019-03-05 07:34:18");
INSERT INTO cylinders VALUES("70","600048","","MADE BY HITEK 06KG S#048","8.3","0","2019-01-01","2024-01-01","216","1","216","2019-03-05 07:34:58","2019-03-05 07:34:58");
INSERT INTO cylinders VALUES("71","600009","","MADE BY HITEK 06KG S#009","8.22","0","2019-01-01","2024-01-01","216","1","216","2019-03-05 07:35:54","2019-03-05 07:35:54");
INSERT INTO cylinders VALUES("72","600042","","MADE BY HITEK 06KG S#042","8.16","0","2019-01-01","2024-01-01","216","1","216","2019-03-05 07:36:51","2019-03-05 07:36:51");
INSERT INTO cylinders VALUES("73","600052","","MADE BY HITEK 06KG S#052","8.22","0","2019-01-01","2024-01-01","216","1","216","2019-03-05 07:37:39","2019-03-05 07:37:39");
INSERT INTO cylinders VALUES("74","600095","","MADE BY HITEK 06KG S#095","8.48","0","2019-01-01","2024-01-01","216","1","216","2019-03-05 07:38:13","2019-03-05 07:38:13");
INSERT INTO cylinders VALUES("75","600081","","MADE BY HITEK 06KG S#081","8.38","0","2019-01-01","2024-01-01","216","0","216","2019-03-05 07:38:47","2019-01-27 00:00:00");
INSERT INTO cylinders VALUES("76","6000013","","MADE BY HITEK 06KG S#013","8.36","0","2019-01-01","2024-01-01","216","1","216","2019-03-05 07:42:13","2019-03-05 07:42:13");
INSERT INTO cylinders VALUES("77","000720","","MADE BY HITEK 11.8KG S#720","13.4","0","2019-01-01","2024-01-01","216","1","216","2019-03-05 08:02:28","2019-03-05 08:02:28");
INSERT INTO cylinders VALUES("78","000574","","MADE BY HITEK 11.8KG S#574","13.4","0","2019-01-01","2024-01-01","216","1","216","2019-03-06 00:00:00","2019-03-06 00:00:00");
INSERT INTO cylinders VALUES("79","000528","","MADE BY HITEK 11.8KG S#528","13.6","0","2019-01-01","2024-01-01","216","1","216","2019-03-06 00:00:00","2019-03-06 00:00:00");
INSERT INTO cylinders VALUES("80","000637","","MADE BY HITEK 11.8KG S#637","13.6","0","2019-01-01","2024-01-01","216","1","216","2019-03-06 00:00:00","2019-03-06 00:00:00");
INSERT INTO cylinders VALUES("81","000546","","MADE BY HITEK 11.8KG S#546","13.5","0","2019-01-01","2024-01-01","216","1","216","2019-03-06 00:00:00","2019-03-06 00:00:00");
INSERT INTO cylinders VALUES("82","000442","","MADE BY HITEK 11.8KG S#442","13.5","0","2019-01-01","2024-01-01","216","1","216","2019-03-06 00:00:00","2019-03-06 00:00:00");
INSERT INTO cylinders VALUES("83","000659","","MADE BY HITEK 11.8KG S#659","13.7","0","2019-01-01","2024-01-01","216","1","216","2019-03-06 00:00:00","2019-03-06 00:00:00");
INSERT INTO cylinders VALUES("84","000711","","MADE BY HITEK 11.8KG S#711","13.6","0","2019-01-01","2024-01-01","216","1","216","2019-03-06 00:00:00","2019-03-06 00:00:00");
INSERT INTO cylinders VALUES("85","000645","","MADE BY HITEK 11.8KG S#645","13.5","0","2019-01-01","2024-01-01","216","1","216","2019-03-06 00:00:00","2019-03-06 00:00:00");
INSERT INTO cylinders VALUES("86","000582","","MADE BY HITEK 11.8KG S#582","13.7","0","2019-01-01","2024-01-01","216","1","216","2019-03-06 00:00:00","2019-03-06 00:00:00");
INSERT INTO cylinders VALUES("87","000635","","MADE BY HITEK 11.8KG S#635","16.5","0","2019-01-01","2024-01-01","216","1","216","2019-03-06 00:00:00","2019-01-27 00:00:00");
INSERT INTO cylinders VALUES("88","000651","","MADE BY HITEK 11.8KG S#651","13.7","0","2019-01-01","2024-01-01","216","1","216","2019-03-06 00:00:00","2019-03-06 00:00:00");
INSERT INTO cylinders VALUES("89","000680","","MADE BY HITEK 11.8KG S#680","13.6","0","2019-01-01","2024-01-01","216","1","216","2019-03-06 00:00:00","2019-03-06 00:00:00");
INSERT INTO cylinders VALUES("90","000580","","MADE BY HITEK 11.8KG S#580","13.6","0","2019-01-01","2024-01-01","216","1","216","2019-03-06 00:00:00","2019-03-06 00:00:00");
INSERT INTO cylinders VALUES("91","000688","","MADE BY HITEK 11.8KG S#688","13.5","0","2019-01-01","2024-01-01","216","1","216","2019-03-06 00:00:00","2019-03-06 00:00:00");
INSERT INTO cylinders VALUES("92","000559","","MADE BY HITEK 11.8KG S#559","13.6","0","2019-01-01","2024-01-01","216","1","216","2019-03-06 00:00:00","2019-03-06 00:00:00");
INSERT INTO cylinders VALUES("93","000565","","MADE BY HITEK 11.8KG S#565","13.6","0","2019-01-01","2024-01-01","216","1","216","2019-03-06 00:00:00","2019-03-06 00:00:00");
INSERT INTO cylinders VALUES("94","000531","","MADE BY HITEK 11.8KG S#531","13.6","0","2019-01-01","2024-01-01","216","1","216","2019-03-06 00:00:00","2019-03-06 00:00:00");
INSERT INTO cylinders VALUES("95","000441","","MADE BY HITEK 11.8KG S#441","13.6","0","2019-01-01","2024-01-01","216","1","216","2019-03-06 00:00:00","2019-03-06 00:00:00");
INSERT INTO cylinders VALUES("96","000435","","MADE BY HITEK 11.8KG S#435","13.6","0","2019-01-01","2024-01-01","216","0","216","2019-03-06 00:00:00","2019-01-27 00:00:00");
INSERT INTO cylinders VALUES("97","000714","","MADE BY HITEK 11.8KG S#714","13.5","0","2019-01-01","2024-01-01","216","1","216","2019-03-06 00:00:00","2019-03-06 00:00:00");
INSERT INTO cylinders VALUES("98","000571","","MADE BY HITEK 11.8KG S#571","13.5","0","2019-01-01","2024-01-01","216","1","216","2019-01-27 00:00:00","2019-01-27 00:00:00");
INSERT INTO cylinders VALUES("99","000670","","MADE BY HITEK 11.8KG S#670","13.4","0","2019-01-01","2024-01-01","216","1","216","2019-01-27 00:00:00","2019-01-27 00:00:00");
INSERT INTO cylinders VALUES("100","000738","","MADE BY HITEK 11.8KG S#738","13.8","0","2019-01-01","2024-01-01","216","1","216","2019-01-27 00:00:00","2019-01-27 00:00:00");
INSERT INTO cylinders VALUES("101","000575","","MADE BY HITEK 11.8KG S#575","13.5","0","2019-01-01","2024-01-01","216","1","216","2019-01-27 00:00:00","2019-01-27 00:00:00");
INSERT INTO cylinders VALUES("102","000665","","MADE BY HITEK 11.8KG S#665","13.6","0","2019-01-01","2024-01-01","216","1","216","2019-01-27 00:00:00","2019-01-27 00:00:00");
INSERT INTO cylinders VALUES("103","000596","","MADE BY HITEK 11.8KG S#596","13.7","0","2019-01-01","2024-01-01","216","1","216","2019-01-27 00:00:00","2019-01-27 00:00:00");
INSERT INTO cylinders VALUES("104","000620","","MADE BY HITEK 11.8KG S#620","13.5","0","2019-01-01","2024-01-01","216","1","216","2019-01-27 00:00:00","2019-01-27 00:00:00");
INSERT INTO cylinders VALUES("105","000628","","MADE BY HITEK 11.8KG S#628","13.6","0","2019-01-01","2024-01-01","216","1","216","2019-01-27 00:00:00","2019-01-27 00:00:00");
INSERT INTO cylinders VALUES("106","000614","","MADE BY HITEK 11.8KG S#614","13.6","0","2019-01-01","2024-01-01","216","1","216","2019-01-27 00:00:00","2019-01-27 00:00:00");
INSERT INTO cylinders VALUES("107","000683","","MADE BY HITEK 11.8KG S#683","13.6","0","2019-01-01","2024-01-01","216","1","216","2019-01-27 00:00:00","2019-01-27 00:00:00");
INSERT INTO cylinders VALUES("108","000643","","MADE BY HITEK 11.8KG S#643","13.4","0","2019-01-01","2024-01-01","216","1","216","2019-01-27 00:00:00","2019-01-27 00:00:00");
INSERT INTO cylinders VALUES("109","000501","","MADE BY HITEK 11.8KG S#501","13.6","0","2019-01-01","2024-01-01","216","1","216","2019-01-27 00:00:00","2019-01-27 00:00:00");
INSERT INTO cylinders VALUES("110","000500","","MADE BY HITEK 11.8KG S#500","13.4","0","2019-01-01","2024-01-01","216","1","216","2019-01-27 00:00:00","2019-01-27 00:00:00");
INSERT INTO cylinders VALUES("111","000601","","MADE BY HITEK 11.8KG S#601","13.6","0","2019-01-01","2024-01-01","216","1","216","2019-01-27 00:00:00","2019-01-27 00:00:00");
INSERT INTO cylinders VALUES("112","000681","","MADE BY HITEK 11.8KG S#681","13.5","0","2019-01-01","2024-01-01","216","1","216","2019-01-27 00:00:00","2019-01-27 00:00:00");
INSERT INTO cylinders VALUES("113","000465","","MADE BY HITEK 11.8KG S#465","13.6","0","2019-01-01","2024-01-01","216","1","216","2019-01-27 00:00:00","2019-01-27 00:00:00");
INSERT INTO cylinders VALUES("114","000431","","MADE BY HITEK 11.8KG S#431","13.6","0","2019-01-01","2024-01-01","216","1","216","2019-01-27 00:00:00","2019-01-27 00:00:00");
INSERT INTO cylinders VALUES("115","000592","","MADE BY HITEK 11.8KG S#592","13.6","0","2019-01-01","2024-01-01","216","1","216","2019-01-27 00:00:00","2019-01-27 00:00:00");
INSERT INTO cylinders VALUES("116","00414","","MADE BY HITEK 11.8KG S#414","13.6","0","2019-01-01","2024-01-01","216","0","216","2019-01-27 00:00:00","2019-01-27 00:00:00");
INSERT INTO cylinders VALUES("117","000625","","MADE BY HITEK 11.8KG S#625","13.7","0","2019-01-01","2024-01-01","216","1","216","2019-01-27 00:00:00","2019-01-27 00:00:00");
INSERT INTO cylinders VALUES("118","000687","","MADE BY HITEK 11.8KG S#687","13.6","0","2019-01-01","2024-01-01","216","1","216","2019-01-27 00:00:00","2019-01-27 00:00:00");
INSERT INTO cylinders VALUES("119","000698","","MADE BY HITEK 11.8KG S#698","13.5","0","2019-01-01","2024-01-01","216","1","216","2019-01-27 00:00:00","2019-01-27 00:00:00");
INSERT INTO cylinders VALUES("120","000721","","MADE BY HITEK 11.8KG S#721","13.6","0","2019-01-01","2024-01-01","216","1","216","2019-01-27 00:00:00","2019-01-27 00:00:00");
INSERT INTO cylinders VALUES("121","000624","","MADE BY HITEK 11.8KG S#624","13.5","0","2019-01-01","2024-01-01","216","1","216","2019-01-27 00:00:00","2019-01-27 00:00:00");
INSERT INTO cylinders VALUES("122","000762","","MADE BY HITEK 11.8KG S#762","13.6","0","2019-01-01","2024-01-01","216","1","216","2019-01-27 00:00:00","2019-01-27 00:00:00");
INSERT INTO cylinders VALUES("123","000616","","MADE BY HITEK 11.8KG S#616","13.4","0","2019-01-01","2024-01-01","216","1","216","2019-01-27 00:00:00","2019-01-27 00:00:00");
INSERT INTO cylinders VALUES("124","000684","","MADE BY HITEK 11.8KG S#684","13.5","0","2019-01-01","2024-01-01","216","1","216","2019-01-27 00:00:00","2019-01-27 00:00:00");
INSERT INTO cylinders VALUES("125","000655","","MADE BY HITEK 11.8KG S#655","13.6","0","2019-01-01","2024-01-01","216","1","216","2019-01-27 00:00:00","2019-01-27 00:00:00");
INSERT INTO cylinders VALUES("126","000722","","MADE BY HITEK 11.8KG S#722","13.5","0","2019-01-01","2024-01-01","216","1","216","2019-01-27 00:00:00","2019-01-27 00:00:00");
INSERT INTO cylinders VALUES("127","000715","","MADE BY HITEK 11.8KG S#715","13.7","0","2019-01-01","2024-01-01","216","1","216","2019-01-27 00:00:00","2019-01-27 00:00:00");
INSERT INTO cylinders VALUES("128","000654","","MADE BY HITEK 11.8KG S#654","13.6","0","2019-01-01","2024-01-01","216","1","216","2019-01-27 00:00:00","2019-01-27 00:00:00");
INSERT INTO cylinders VALUES("129","000523","","MADE BY HITEK 11.8KG S#523","13.6","0","2019-01-01","2024-01-01","216","1","216","2019-01-27 00:00:00","2019-01-27 00:00:00");
INSERT INTO cylinders VALUES("130","000416","","MADE BY HITEK 11.8KG S#416","13.5","0","2019-01-01","2024-01-01","216","1","216","2019-01-27 00:00:00","2019-01-27 00:00:00");
INSERT INTO cylinders VALUES("131","000644","","MADE BY HITEK 11.8KG S#644","13.4","0","2019-01-01","2024-01-01","216","1","216","2019-01-27 00:00:00","2019-01-27 00:00:00");
INSERT INTO cylinders VALUES("132","000524","","MADE BY HITEK 11.8KG S#524","13.7","0","2019-01-01","2024-01-01","216","1","216","2019-01-27 00:00:00","2019-01-27 00:00:00");
INSERT INTO cylinders VALUES("133","000666","","MADE BY HITEK 11.8KG S#666","13.6","0","2019-01-01","2024-01-01","216","1","216","2019-01-27 00:00:00","2019-01-27 00:00:00");
INSERT INTO cylinders VALUES("134","000595","","MADE BY HITEK 11.8KG S#595","13.6","0","2019-01-01","2024-01-01","216","1","216","2019-01-27 00:00:00","2019-01-27 00:00:00");
INSERT INTO cylinders VALUES("135","000667","","MADE BY HITEK 11.8KG S#667","13.6","0","2019-01-01","2024-01-01","216","1","216","2019-01-27 00:00:00","2019-01-27 00:00:00");
INSERT INTO cylinders VALUES("136","000716","","MADE BY HITEK 11.8KG S#716","13.6","0","2019-01-01","2024-01-01","216","1","216","2019-01-27 00:00:00","2019-01-27 00:00:00");
INSERT INTO cylinders VALUES("137","000782","","MADE BY HITEK 11.8KG S#782","13.6","0","2019-01-01","2024-01-01","216","1","216","2019-01-27 00:00:00","2019-01-27 00:00:00");
INSERT INTO cylinders VALUES("138","000414","","MADE BY HITEK 11.8KG S#414","13.6","0","2019-01-01","2024-01-01","216","1","216","2019-01-27 00:00:00","2019-01-27 00:00:00");



DROP TABLE IF EXISTS cylinderstatus;

CREATE TABLE `cylinderstatus` (
  `ID` int(11) NOT NULL AUTO_INCREMENT,
  `InvoiceID` int(11) NOT NULL,
  `CylinderID` int(11) NOT NULL,
  `HandedTo` int(11) NOT NULL,
  `Weight` float NOT NULL,
  `PerformedBy` int(11) NOT NULL,
  `DateAdded` datetime NOT NULL,
  PRIMARY KEY (`ID`)
) ENGINE=InnoDB AUTO_INCREMENT=529 DEFAULT CHARSET=latin1;

INSERT INTO cylinderstatus VALUES("10","11","3","216","25.4","216","2019-03-05 06:59:30");
INSERT INTO cylinderstatus VALUES("11","11","4","216","25.4","216","2019-03-05 06:59:30");
INSERT INTO cylinderstatus VALUES("12","11","5","216","25.5","216","2019-03-05 06:59:30");
INSERT INTO cylinderstatus VALUES("13","11","6","216","25.1","216","2019-03-05 06:59:30");
INSERT INTO cylinderstatus VALUES("14","11","7","216","25.4","216","2019-03-05 06:59:30");
INSERT INTO cylinderstatus VALUES("15","12","8","216","25.5","216","2019-03-05 07:03:31");
INSERT INTO cylinderstatus VALUES("16","12","9","216","25.4","216","2019-03-05 07:03:31");
INSERT INTO cylinderstatus VALUES("17","12","10","216","25.3","216","2019-03-05 07:03:31");
INSERT INTO cylinderstatus VALUES("18","12","11","216","25.3","216","2019-03-05 07:03:31");
INSERT INTO cylinderstatus VALUES("19","12","12","216","25.4","216","2019-03-05 07:03:31");
INSERT INTO cylinderstatus VALUES("20","12","13","216","25.4","216","2019-03-05 07:03:31");
INSERT INTO cylinderstatus VALUES("21","12","14","216","25.4","216","2019-03-05 07:03:31");
INSERT INTO cylinderstatus VALUES("22","12","15","216","25.4","216","2019-03-05 07:03:31");
INSERT INTO cylinderstatus VALUES("23","12","16","216","25.4","216","2019-03-05 07:03:31");
INSERT INTO cylinderstatus VALUES("24","12","17","216","25.5","216","2019-03-05 07:03:31");
INSERT INTO cylinderstatus VALUES("25","13","18","216","25.4","216","2019-03-05 07:07:06");
INSERT INTO cylinderstatus VALUES("26","13","19","216","25.4","216","2019-03-05 07:07:06");
INSERT INTO cylinderstatus VALUES("27","13","20","216","25.3","216","2019-03-05 07:07:06");
INSERT INTO cylinderstatus VALUES("28","13","21","216","25.4","216","2019-03-05 07:07:06");
INSERT INTO cylinderstatus VALUES("29","13","22","216","25.7","216","2019-03-05 07:07:06");
INSERT INTO cylinderstatus VALUES("30","13","23","216","25.2","216","2019-03-05 07:07:06");
INSERT INTO cylinderstatus VALUES("31","13","24","216","25.3","216","2019-03-05 07:07:06");
INSERT INTO cylinderstatus VALUES("32","13","25","216","25.4","216","2019-03-05 07:07:06");
INSERT INTO cylinderstatus VALUES("33","13","26","216","25.5","216","2019-03-05 07:07:06");
INSERT INTO cylinderstatus VALUES("34","13","27","216","25.5","216","2019-03-05 07:07:06");
INSERT INTO cylinderstatus VALUES("35","13","28","216","25.3","216","2019-03-05 07:07:06");
INSERT INTO cylinderstatus VALUES("36","13","29","216","25.2","216","2019-03-05 07:07:06");
INSERT INTO cylinderstatus VALUES("37","13","30","216","25.3","216","2019-03-05 07:07:06");
INSERT INTO cylinderstatus VALUES("38","14","31","216","25.4","216","2019-03-05 07:12:40");
INSERT INTO cylinderstatus VALUES("39","14","32","216","25.2","216","2019-03-05 07:12:40");
INSERT INTO cylinderstatus VALUES("40","14","33","216","25.4","216","2019-03-05 07:12:40");
INSERT INTO cylinderstatus VALUES("41","14","34","216","25.4","216","2019-03-05 07:12:40");
INSERT INTO cylinderstatus VALUES("42","14","35","216","25.5","216","2019-03-05 07:12:40");
INSERT INTO cylinderstatus VALUES("43","14","36","216","25.4","216","2019-03-05 07:12:40");
INSERT INTO cylinderstatus VALUES("44","14","37","216","25.3","216","2019-03-05 07:12:40");
INSERT INTO cylinderstatus VALUES("45","14","38","216","25.3","216","2019-03-05 07:12:40");
INSERT INTO cylinderstatus VALUES("46","14","39","216","25.3","216","2019-03-05 07:12:40");
INSERT INTO cylinderstatus VALUES("47","14","40","216","25.3","216","2019-03-05 07:12:40");
INSERT INTO cylinderstatus VALUES("48","14","41","216","25.5","216","2019-03-05 07:12:40");
INSERT INTO cylinderstatus VALUES("49","15","42","216","86.3","216","2019-03-05 07:17:57");
INSERT INTO cylinderstatus VALUES("50","15","43","216","86.2","216","2019-03-05 07:17:57");
INSERT INTO cylinderstatus VALUES("51","15","44","216","86.4","216","2019-03-05 07:17:57");
INSERT INTO cylinderstatus VALUES("52","15","45","216","86.5","216","2019-03-05 07:17:57");
INSERT INTO cylinderstatus VALUES("53","15","46","216","86.4","216","2019-03-05 07:17:57");
INSERT INTO cylinderstatus VALUES("54","15","47","216","86.4","216","2019-03-05 07:17:57");
INSERT INTO cylinderstatus VALUES("55","15","48","216","86.7","216","2019-03-05 07:17:57");
INSERT INTO cylinderstatus VALUES("56","15","50","216","86.4","216","2019-03-05 07:17:57");
INSERT INTO cylinderstatus VALUES("57","15","51","216","86.4","216","2019-03-05 07:17:57");
INSERT INTO cylinderstatus VALUES("58","15","52","216","86.3","216","2019-03-05 07:17:57");
INSERT INTO cylinderstatus VALUES("59","15","53","216","86.6","216","2019-03-05 07:17:57");
INSERT INTO cylinderstatus VALUES("60","15","55","216","86.2","216","2019-03-05 07:17:57");
INSERT INTO cylinderstatus VALUES("61","15","56","216","86.5","216","2019-03-05 07:17:57");
INSERT INTO cylinderstatus VALUES("62","15","49","216","86.1","216","2019-03-05 07:17:57");
INSERT INTO cylinderstatus VALUES("63","15","54","216","86.5","216","2019-03-05 07:17:57");
INSERT INTO cylinderstatus VALUES("64","16","57","216","14.45","216","2019-03-05 07:48:52");
INSERT INTO cylinderstatus VALUES("65","16","58","216","14.4","216","2019-03-05 07:48:52");
INSERT INTO cylinderstatus VALUES("66","16","59","216","14.4","216","2019-03-05 07:48:52");
INSERT INTO cylinderstatus VALUES("67","16","60","216","14.3","216","2019-03-05 07:48:52");
INSERT INTO cylinderstatus VALUES("68","16","61","216","14.4","216","2019-03-05 07:48:52");
INSERT INTO cylinderstatus VALUES("69","16","62","216","14.3","216","2019-03-05 07:48:52");
INSERT INTO cylinderstatus VALUES("70","16","63","216","14.45","216","2019-03-05 07:48:52");
INSERT INTO cylinderstatus VALUES("71","16","64","216","14.3","216","2019-03-05 07:48:52");
INSERT INTO cylinderstatus VALUES("72","16","65","216","14.4","216","2019-03-05 07:48:52");
INSERT INTO cylinderstatus VALUES("73","16","66","216","14.4","216","2019-03-05 07:48:52");
INSERT INTO cylinderstatus VALUES("74","16","67","216","14.4","216","2019-03-05 07:48:52");
INSERT INTO cylinderstatus VALUES("75","16","68","216","14.1","216","2019-03-05 07:48:52");
INSERT INTO cylinderstatus VALUES("76","16","69","216","14.4","216","2019-03-05 07:48:52");
INSERT INTO cylinderstatus VALUES("77","16","70","216","14.3","216","2019-03-05 07:48:52");
INSERT INTO cylinderstatus VALUES("78","16","71","216","14.2","216","2019-03-05 07:48:52");
INSERT INTO cylinderstatus VALUES("79","16","72","216","14.1","216","2019-03-05 07:48:52");
INSERT INTO cylinderstatus VALUES("80","16","73","216","14.2","216","2019-03-05 07:48:52");
INSERT INTO cylinderstatus VALUES("81","16","74","216","14.5","216","2019-03-05 07:48:52");
INSERT INTO cylinderstatus VALUES("82","16","75","216","14.3","216","2019-03-05 07:48:52");
INSERT INTO cylinderstatus VALUES("83","16","76","216","14.4","216","2019-03-05 07:48:52");
INSERT INTO cylinderstatus VALUES("84","17","77","216","25.2","216","2019-03-05 08:03:14");
INSERT INTO cylinderstatus VALUES("85","18","3","220","25.4","216","2019-03-05 08:07:41");
INSERT INTO cylinderstatus VALUES("86","18","4","220","25.4","216","2019-03-05 08:07:41");
INSERT INTO cylinderstatus VALUES("87","18","5","220","25.5","216","2019-03-05 08:07:41");
INSERT INTO cylinderstatus VALUES("88","18","6","220","25.1","216","2019-03-05 08:07:41");
INSERT INTO cylinderstatus VALUES("89","18","7","220","25.4","216","2019-03-05 08:07:41");
INSERT INTO cylinderstatus VALUES("90","18","8","220","25.5","216","2019-03-05 08:07:41");
INSERT INTO cylinderstatus VALUES("91","18","9","220","25.4","216","2019-03-05 08:07:41");
INSERT INTO cylinderstatus VALUES("92","18","10","220","25.3","216","2019-03-05 08:07:41");
INSERT INTO cylinderstatus VALUES("93","18","11","220","25.3","216","2019-03-05 08:07:41");
INSERT INTO cylinderstatus VALUES("94","18","12","220","25.4","216","2019-03-05 08:07:41");
INSERT INTO cylinderstatus VALUES("95","18","13","220","25.4","216","2019-03-05 08:07:41");
INSERT INTO cylinderstatus VALUES("96","18","14","220","25.4","216","2019-03-05 08:07:41");
INSERT INTO cylinderstatus VALUES("97","18","15","220","25.4","216","2019-03-05 08:07:41");
INSERT INTO cylinderstatus VALUES("98","18","16","220","25.4","216","2019-03-05 08:07:41");
INSERT INTO cylinderstatus VALUES("99","18","17","220","25.5","216","2019-03-05 08:07:42");
INSERT INTO cylinderstatus VALUES("100","18","18","220","25.4","216","2019-03-05 08:07:42");
INSERT INTO cylinderstatus VALUES("101","18","19","220","25.4","216","2019-03-05 08:07:42");
INSERT INTO cylinderstatus VALUES("102","18","20","220","25.3","216","2019-03-05 08:07:42");
INSERT INTO cylinderstatus VALUES("103","18","21","220","25.4","216","2019-03-05 08:07:42");
INSERT INTO cylinderstatus VALUES("104","18","22","220","25.7","216","2019-03-05 08:07:42");
INSERT INTO cylinderstatus VALUES("105","19","23","220","25.2","216","2019-03-05 08:08:48");
INSERT INTO cylinderstatus VALUES("106","19","24","220","25.3","216","2019-03-05 08:08:48");
INSERT INTO cylinderstatus VALUES("107","19","25","220","25.4","216","2019-03-05 08:08:48");
INSERT INTO cylinderstatus VALUES("108","19","26","220","25.5","216","2019-03-05 08:08:48");
INSERT INTO cylinderstatus VALUES("109","19","27","220","25.5","216","2019-03-05 08:08:48");
INSERT INTO cylinderstatus VALUES("110","19","28","220","25.3","216","2019-03-05 08:08:48");
INSERT INTO cylinderstatus VALUES("111","19","29","220","25.2","216","2019-03-05 08:08:48");
INSERT INTO cylinderstatus VALUES("112","19","30","220","25.3","216","2019-03-05 08:08:48");
INSERT INTO cylinderstatus VALUES("113","19","31","220","25.4","216","2019-03-05 08:08:48");
INSERT INTO cylinderstatus VALUES("114","19","32","220","25.2","216","2019-03-05 08:08:48");
INSERT INTO cylinderstatus VALUES("115","19","33","220","25.4","216","2019-03-05 08:08:48");
INSERT INTO cylinderstatus VALUES("116","19","34","220","25.4","216","2019-03-05 08:08:48");
INSERT INTO cylinderstatus VALUES("117","19","35","220","25.5","216","2019-03-05 08:08:48");
INSERT INTO cylinderstatus VALUES("118","19","36","220","25.4","216","2019-03-05 08:08:48");
INSERT INTO cylinderstatus VALUES("119","19","37","220","25.3","216","2019-03-05 08:08:48");
INSERT INTO cylinderstatus VALUES("120","19","38","220","25.3","216","2019-03-05 08:08:48");
INSERT INTO cylinderstatus VALUES("121","19","39","220","25.3","216","2019-03-05 08:08:48");
INSERT INTO cylinderstatus VALUES("122","19","40","220","25.3","216","2019-03-05 08:08:48");
INSERT INTO cylinderstatus VALUES("123","19","41","220","25.5","216","2019-03-05 08:08:48");
INSERT INTO cylinderstatus VALUES("124","19","42","220","86.3","216","2019-03-05 08:08:48");
INSERT INTO cylinderstatus VALUES("125","20","43","220","86.2","216","2019-03-05 08:09:43");
INSERT INTO cylinderstatus VALUES("126","20","44","220","86.4","216","2019-03-05 08:09:43");
INSERT INTO cylinderstatus VALUES("127","20","45","220","86.5","216","2019-03-05 08:09:43");
INSERT INTO cylinderstatus VALUES("128","20","46","220","86.4","216","2019-03-05 08:09:43");
INSERT INTO cylinderstatus VALUES("129","20","47","220","86.4","216","2019-03-05 08:09:43");
INSERT INTO cylinderstatus VALUES("130","20","48","220","86.7","216","2019-03-05 08:09:43");
INSERT INTO cylinderstatus VALUES("131","20","49","220","86.1","216","2019-03-05 08:09:43");
INSERT INTO cylinderstatus VALUES("132","20","50","220","86.4","216","2019-03-05 08:09:43");
INSERT INTO cylinderstatus VALUES("133","20","51","220","86.4","216","2019-03-05 08:09:43");
INSERT INTO cylinderstatus VALUES("134","20","52","220","86.3","216","2019-03-05 08:09:43");
INSERT INTO cylinderstatus VALUES("135","20","53","220","86.6","216","2019-03-05 08:09:43");
INSERT INTO cylinderstatus VALUES("136","20","54","220","86.5","216","2019-03-05 08:09:43");
INSERT INTO cylinderstatus VALUES("137","20","55","220","86.2","216","2019-03-05 08:09:43");
INSERT INTO cylinderstatus VALUES("138","20","56","220","86.5","216","2019-03-05 08:09:43");
INSERT INTO cylinderstatus VALUES("139","20","57","220","14.45","216","2019-03-05 08:09:43");
INSERT INTO cylinderstatus VALUES("140","20","58","220","14.4","216","2019-03-05 08:09:43");
INSERT INTO cylinderstatus VALUES("141","20","59","220","14.4","216","2019-03-05 08:09:43");
INSERT INTO cylinderstatus VALUES("142","20","60","220","14.3","216","2019-03-05 08:09:43");
INSERT INTO cylinderstatus VALUES("143","20","61","220","14.4","216","2019-03-05 08:09:43");
INSERT INTO cylinderstatus VALUES("144","20","62","220","14.3","216","2019-03-05 08:09:43");
INSERT INTO cylinderstatus VALUES("145","20","63","220","14.45","216","2019-03-05 08:09:43");
INSERT INTO cylinderstatus VALUES("146","21","64","220","14.3","216","2019-03-05 08:10:19");
INSERT INTO cylinderstatus VALUES("147","21","65","220","14.4","216","2019-03-05 08:10:19");
INSERT INTO cylinderstatus VALUES("148","21","66","220","14.4","216","2019-03-05 08:10:19");
INSERT INTO cylinderstatus VALUES("149","21","67","220","14.4","216","2019-03-05 08:10:19");
INSERT INTO cylinderstatus VALUES("150","21","68","220","14.1","216","2019-03-05 08:10:19");
INSERT INTO cylinderstatus VALUES("151","21","69","220","14.4","216","2019-03-05 08:10:19");
INSERT INTO cylinderstatus VALUES("152","21","70","220","14.3","216","2019-03-05 08:10:19");
INSERT INTO cylinderstatus VALUES("153","21","71","220","14.2","216","2019-03-05 08:10:19");
INSERT INTO cylinderstatus VALUES("154","21","72","220","14.1","216","2019-03-05 08:10:19");
INSERT INTO cylinderstatus VALUES("155","21","73","220","14.2","216","2019-03-05 08:10:19");
INSERT INTO cylinderstatus VALUES("156","21","74","220","14.5","216","2019-03-05 08:10:19");
INSERT INTO cylinderstatus VALUES("157","21","75","220","14.3","216","2019-03-05 08:10:19");
INSERT INTO cylinderstatus VALUES("158","21","77","220","25.2","216","2019-03-05 08:10:19");
INSERT INTO cylinderstatus VALUES("159","21","76","220","14.4","216","2019-03-05 08:10:19");
INSERT INTO cylinderstatus VALUES("160","3","3","222","25.4","222","2019-03-05 08:30:16");
INSERT INTO cylinderstatus VALUES("161","3","4","222","25.4","222","2019-03-05 08:30:16");
INSERT INTO cylinderstatus VALUES("162","3","5","222","25.5","222","2019-03-05 08:30:16");
INSERT INTO cylinderstatus VALUES("163","3","6","222","25.1","222","2019-03-05 08:30:16");
INSERT INTO cylinderstatus VALUES("164","3","7","222","25.4","222","2019-03-05 08:30:16");
INSERT INTO cylinderstatus VALUES("165","3","8","222","25.5","222","2019-03-05 08:30:16");
INSERT INTO cylinderstatus VALUES("166","3","9","222","25.4","222","2019-03-05 08:30:16");
INSERT INTO cylinderstatus VALUES("167","3","10","222","25.3","222","2019-03-05 08:30:16");
INSERT INTO cylinderstatus VALUES("168","3","11","222","25.3","222","2019-03-05 08:30:16");
INSERT INTO cylinderstatus VALUES("169","3","12","222","25.4","222","2019-03-05 08:30:16");
INSERT INTO cylinderstatus VALUES("170","3","13","222","25.4","222","2019-03-05 08:30:16");
INSERT INTO cylinderstatus VALUES("171","3","14","222","25.4","222","2019-03-05 08:30:16");
INSERT INTO cylinderstatus VALUES("172","3","15","222","25.4","222","2019-03-05 08:30:16");
INSERT INTO cylinderstatus VALUES("173","3","16","222","25.4","222","2019-03-05 08:30:16");
INSERT INTO cylinderstatus VALUES("174","3","17","222","25.5","222","2019-03-05 08:30:16");
INSERT INTO cylinderstatus VALUES("175","3","18","222","25.4","222","2019-03-05 08:30:16");
INSERT INTO cylinderstatus VALUES("176","3","19","222","25.4","222","2019-03-05 08:30:16");
INSERT INTO cylinderstatus VALUES("177","3","20","222","25.3","222","2019-03-05 08:30:16");
INSERT INTO cylinderstatus VALUES("178","3","21","222","25.4","222","2019-03-05 08:30:16");
INSERT INTO cylinderstatus VALUES("179","3","22","222","25.7","222","2019-03-05 08:30:16");
INSERT INTO cylinderstatus VALUES("180","3","23","222","25.2","222","2019-03-05 08:30:16");
INSERT INTO cylinderstatus VALUES("181","3","24","222","25.3","222","2019-03-05 08:30:16");
INSERT INTO cylinderstatus VALUES("182","3","25","222","25.4","222","2019-03-05 08:30:16");
INSERT INTO cylinderstatus VALUES("183","3","26","222","25.5","222","2019-03-05 08:30:16");
INSERT INTO cylinderstatus VALUES("184","3","27","222","25.5","222","2019-03-05 08:30:16");
INSERT INTO cylinderstatus VALUES("185","3","28","222","25.3","222","2019-03-05 08:30:16");
INSERT INTO cylinderstatus VALUES("186","3","29","222","25.2","222","2019-03-05 08:30:16");
INSERT INTO cylinderstatus VALUES("187","3","30","222","25.3","222","2019-03-05 08:30:16");
INSERT INTO cylinderstatus VALUES("188","3","31","222","25.4","222","2019-03-05 08:30:16");
INSERT INTO cylinderstatus VALUES("189","3","32","222","25.2","222","2019-03-05 08:30:16");
INSERT INTO cylinderstatus VALUES("190","3","33","222","25.4","222","2019-03-05 08:30:16");
INSERT INTO cylinderstatus VALUES("191","3","34","222","25.4","222","2019-03-05 08:30:16");
INSERT INTO cylinderstatus VALUES("192","3","35","222","25.5","222","2019-03-05 08:30:16");
INSERT INTO cylinderstatus VALUES("193","3","36","222","25.4","222","2019-03-05 08:30:16");
INSERT INTO cylinderstatus VALUES("194","3","37","222","25.3","222","2019-03-05 08:30:16");
INSERT INTO cylinderstatus VALUES("195","3","38","222","25.3","222","2019-03-05 08:30:16");
INSERT INTO cylinderstatus VALUES("196","3","39","222","25.3","222","2019-03-05 08:30:16");
INSERT INTO cylinderstatus VALUES("197","3","40","222","25.3","222","2019-03-05 08:30:16");
INSERT INTO cylinderstatus VALUES("198","3","41","222","25.5","222","2019-03-05 08:30:16");
INSERT INTO cylinderstatus VALUES("199","3","42","222","86.3","222","2019-03-05 08:30:16");
INSERT INTO cylinderstatus VALUES("200","3","43","222","86.2","222","2019-03-05 08:30:16");
INSERT INTO cylinderstatus VALUES("201","3","44","222","86.4","222","2019-03-05 08:30:16");
INSERT INTO cylinderstatus VALUES("202","3","45","222","86.5","222","2019-03-05 08:30:16");
INSERT INTO cylinderstatus VALUES("203","3","46","222","86.4","222","2019-03-05 08:30:16");
INSERT INTO cylinderstatus VALUES("204","3","47","222","86.4","222","2019-03-05 08:30:16");
INSERT INTO cylinderstatus VALUES("205","3","48","222","86.7","222","2019-03-05 08:30:16");
INSERT INTO cylinderstatus VALUES("206","3","49","222","86.1","222","2019-03-05 08:30:16");
INSERT INTO cylinderstatus VALUES("207","3","50","222","86.4","222","2019-03-05 08:30:16");
INSERT INTO cylinderstatus VALUES("208","3","51","222","86.4","222","2019-03-05 08:30:16");
INSERT INTO cylinderstatus VALUES("209","3","52","222","86.3","222","2019-03-05 08:30:16");
INSERT INTO cylinderstatus VALUES("210","3","53","222","86.6","222","2019-03-05 08:30:16");
INSERT INTO cylinderstatus VALUES("211","3","54","222","86.5","222","2019-03-05 08:30:16");
INSERT INTO cylinderstatus VALUES("212","3","55","222","86.2","222","2019-03-05 08:30:16");
INSERT INTO cylinderstatus VALUES("213","3","56","222","86.5","222","2019-03-05 08:30:16");
INSERT INTO cylinderstatus VALUES("214","3","57","222","14.45","222","2019-03-05 08:30:16");
INSERT INTO cylinderstatus VALUES("215","3","59","222","14.4","222","2019-03-05 08:30:16");
INSERT INTO cylinderstatus VALUES("216","3","58","222","14.4","222","2019-03-05 08:30:16");
INSERT INTO cylinderstatus VALUES("217","3","60","222","14.3","222","2019-03-05 08:30:16");
INSERT INTO cylinderstatus VALUES("218","3","61","222","14.4","222","2019-03-05 08:30:16");
INSERT INTO cylinderstatus VALUES("219","3","62","222","14.3","222","2019-03-05 08:30:16");
INSERT INTO cylinderstatus VALUES("220","3","63","222","14.45","222","2019-03-05 08:30:16");
INSERT INTO cylinderstatus VALUES("221","3","64","222","14.3","222","2019-03-05 08:30:16");
INSERT INTO cylinderstatus VALUES("222","3","65","222","14.4","222","2019-03-05 08:30:16");
INSERT INTO cylinderstatus VALUES("223","3","66","222","14.4","222","2019-03-05 08:30:16");
INSERT INTO cylinderstatus VALUES("224","3","67","222","14.4","222","2019-03-05 08:30:16");
INSERT INTO cylinderstatus VALUES("225","3","68","222","14.1","222","2019-03-05 08:30:16");
INSERT INTO cylinderstatus VALUES("226","3","69","222","14.4","222","2019-03-05 08:30:16");
INSERT INTO cylinderstatus VALUES("227","3","70","222","14.3","222","2019-03-05 08:30:16");
INSERT INTO cylinderstatus VALUES("228","3","71","222","14.2","222","2019-03-05 08:30:16");
INSERT INTO cylinderstatus VALUES("229","3","72","222","14.1","222","2019-03-05 08:30:16");
INSERT INTO cylinderstatus VALUES("230","3","73","222","14.2","222","2019-03-05 08:30:16");
INSERT INTO cylinderstatus VALUES("231","3","74","222","14.5","222","2019-03-05 08:30:16");
INSERT INTO cylinderstatus VALUES("232","3","75","222","14.3","222","2019-03-05 08:30:16");
INSERT INTO cylinderstatus VALUES("233","3","76","222","14.4","222","2019-03-05 08:30:16");
INSERT INTO cylinderstatus VALUES("234","3","77","222","25.2","222","2019-03-05 08:30:16");
INSERT INTO cylinderstatus VALUES("235","3","29","223","25.2","222","2019-03-06 00:00:00");
INSERT INTO cylinderstatus VALUES("236","4","75","224","14.3","222","2019-03-06 00:00:00");
INSERT INTO cylinderstatus VALUES("237","5","34","225","25.4","222","2019-03-06 00:00:00");
INSERT INTO cylinderstatus VALUES("238","5","20","225","25.3","222","2019-03-06 00:00:00");
INSERT INTO cylinderstatus VALUES("239","6","26","226","25.5","222","2019-03-06 00:00:00");
INSERT INTO cylinderstatus VALUES("240","7","10","227","25.3","222","2019-03-06 00:00:00");
INSERT INTO cylinderstatus VALUES("241","8","27","228","25.5","222","2019-03-06 00:00:00");
INSERT INTO cylinderstatus VALUES("242","9","13","229","25.4","222","2019-03-06 00:00:00");
INSERT INTO cylinderstatus VALUES("243","9","38","229","25.3","222","2019-03-06 00:00:00");
INSERT INTO cylinderstatus VALUES("244","9","3","229","25.4","222","2019-03-06 00:00:00");
INSERT INTO cylinderstatus VALUES("245","10","25","230","25.4","222","2019-03-06 00:00:00");
INSERT INTO cylinderstatus VALUES("246","11","4","231","25.4","222","2019-03-06 00:00:00");
INSERT INTO cylinderstatus VALUES("247","12","31","283","25.4","222","2019-03-06 00:00:00");
INSERT INTO cylinderstatus VALUES("248","13","56","233","86.5","222","2019-03-06 00:00:00");
INSERT INTO cylinderstatus VALUES("249","14","15","234","25.4","222","2019-03-06 00:00:00");
INSERT INTO cylinderstatus VALUES("250","15","16","235","25.4","222","2019-03-06 00:00:00");
INSERT INTO cylinderstatus VALUES("251","16","18","225","25.4","222","2019-01-26 00:00:00");
INSERT INTO cylinderstatus VALUES("252","16","12","225","25.4","222","2019-01-26 00:00:00");
INSERT INTO cylinderstatus VALUES("253","37","78","216","25.2","216","2019-01-26 00:00:00");
INSERT INTO cylinderstatus VALUES("254","37","79","216","25.4","216","2019-01-26 00:00:00");
INSERT INTO cylinderstatus VALUES("255","37","80","216","25.35","216","2019-01-26 00:00:00");
INSERT INTO cylinderstatus VALUES("256","37","81","216","25.25","216","2019-01-26 00:00:00");
INSERT INTO cylinderstatus VALUES("257","37","82","216","25.35","216","2019-01-26 00:00:00");
INSERT INTO cylinderstatus VALUES("258","37","83","216","25.5","216","2019-01-26 00:00:00");
INSERT INTO cylinderstatus VALUES("259","37","84","216","25.4","216","2019-01-26 00:00:00");
INSERT INTO cylinderstatus VALUES("260","37","85","216","25.3","216","2019-01-26 00:00:00");
INSERT INTO cylinderstatus VALUES("261","37","86","216","25.3","216","2019-01-26 00:00:00");
INSERT INTO cylinderstatus VALUES("262","37","87","216","28.38","216","2019-01-26 00:00:00");
INSERT INTO cylinderstatus VALUES("263","37","88","216","25.5","216","2019-01-26 00:00:00");
INSERT INTO cylinderstatus VALUES("264","37","89","216","25.4","216","2019-01-26 00:00:00");
INSERT INTO cylinderstatus VALUES("265","38","90","216","25.4","216","2019-01-26 00:00:00");
INSERT INTO cylinderstatus VALUES("266","38","91","216","25.4","216","2019-01-26 00:00:00");
INSERT INTO cylinderstatus VALUES("267","38","92","216","25.4","216","2019-01-26 00:00:00");
INSERT INTO cylinderstatus VALUES("268","38","93","216","25.35","216","2019-01-26 00:00:00");
INSERT INTO cylinderstatus VALUES("269","38","94","216","25.45","216","2019-01-26 00:00:00");
INSERT INTO cylinderstatus VALUES("270","38","96","216","25.4","216","2019-01-26 00:00:00");
INSERT INTO cylinderstatus VALUES("271","38","95","216","25.4","216","2019-01-26 00:00:00");
INSERT INTO cylinderstatus VALUES("272","38","97","216","25.3","216","2019-01-26 00:00:00");
INSERT INTO cylinderstatus VALUES("273","17","53","284","86.6","222","2019-01-26 00:00:00");
INSERT INTO cylinderstatus VALUES("274","17","54","284","86.5","222","2019-01-26 00:00:00");
INSERT INTO cylinderstatus VALUES("275","40","78","220","25.2","216","2019-01-26 00:00:00");
INSERT INTO cylinderstatus VALUES("276","40","79","220","25.4","216","2019-01-26 00:00:00");
INSERT INTO cylinderstatus VALUES("277","40","80","220","25.35","216","2019-01-26 00:00:00");
INSERT INTO cylinderstatus VALUES("278","40","81","220","25.25","216","2019-01-26 00:00:00");
INSERT INTO cylinderstatus VALUES("279","40","82","220","25.35","216","2019-01-26 00:00:00");
INSERT INTO cylinderstatus VALUES("280","40","83","220","25.5","216","2019-01-26 00:00:00");
INSERT INTO cylinderstatus VALUES("281","40","84","220","25.4","216","2019-01-26 00:00:00");
INSERT INTO cylinderstatus VALUES("282","40","85","220","25.3","216","2019-01-26 00:00:00");
INSERT INTO cylinderstatus VALUES("283","40","86","220","25.3","216","2019-01-26 00:00:00");
INSERT INTO cylinderstatus VALUES("284","40","87","220","28.38","216","2019-01-26 00:00:00");
INSERT INTO cylinderstatus VALUES("285","40","88","220","25.5","216","2019-01-26 00:00:00");
INSERT INTO cylinderstatus VALUES("286","40","89","220","25.4","216","2019-01-26 00:00:00");
INSERT INTO cylinderstatus VALUES("287","40","90","220","25.4","216","2019-01-26 00:00:00");
INSERT INTO cylinderstatus VALUES("288","40","91","220","25.4","216","2019-01-26 00:00:00");
INSERT INTO cylinderstatus VALUES("289","40","92","220","25.4","216","2019-01-26 00:00:00");
INSERT INTO cylinderstatus VALUES("290","40","93","220","25.35","216","2019-01-26 00:00:00");
INSERT INTO cylinderstatus VALUES("291","40","94","220","25.45","216","2019-01-26 00:00:00");
INSERT INTO cylinderstatus VALUES("292","40","95","220","25.4","216","2019-01-26 00:00:00");
INSERT INTO cylinderstatus VALUES("293","40","96","220","25.4","216","2019-01-26 00:00:00");
INSERT INTO cylinderstatus VALUES("294","40","97","220","25.3","216","2019-01-26 00:00:00");
INSERT INTO cylinderstatus VALUES("295","18","41","268","25.5","222","2019-01-26 00:00:00");
INSERT INTO cylinderstatus VALUES("296","19","32","236","25.2","222","2019-01-26 00:00:00");
INSERT INTO cylinderstatus VALUES("297","20","22","286","25.7","222","2019-01-26 00:00:00");
INSERT INTO cylinderstatus VALUES("298","21","37","237","25.3","222","2019-01-26 00:00:00");
INSERT INTO cylinderstatus VALUES("299","22","23","238","25.2","222","2019-01-26 00:00:00");
INSERT INTO cylinderstatus VALUES("300","22","48","238","86.7","222","2019-01-26 00:00:00");
INSERT INTO cylinderstatus VALUES("301","9","3","222","13.6","229","2019-01-26 00:00:00");
INSERT INTO cylinderstatus VALUES("302","11","4","222","13.6","231","2019-01-26 00:00:00");
INSERT INTO cylinderstatus VALUES("303","7","10","222","13.5","227","2019-01-26 00:00:00");
INSERT INTO cylinderstatus VALUES("304","16","12","222","13.6","225","2019-01-26 00:00:00");
INSERT INTO cylinderstatus VALUES("305","9","13","222","13.6","229","2019-01-26 00:00:00");
INSERT INTO cylinderstatus VALUES("306","14","15","222","13.6","234","2019-01-26 00:00:00");
INSERT INTO cylinderstatus VALUES("307","15","16","222","13.6","235","2019-01-26 00:00:00");
INSERT INTO cylinderstatus VALUES("308","16","18","222","13.6","225","2019-01-26 00:00:00");
INSERT INTO cylinderstatus VALUES("309","5","20","222","13.5","225","2019-01-26 00:00:00");
INSERT INTO cylinderstatus VALUES("310","20","22","222","13.8","286","2019-01-26 00:00:00");
INSERT INTO cylinderstatus VALUES("311","22","23","222","13.4","238","2019-01-26 00:00:00");
INSERT INTO cylinderstatus VALUES("312","10","25","222","13.6","230","2019-01-26 00:00:00");
INSERT INTO cylinderstatus VALUES("313","6","26","222","13.6","226","2019-01-26 00:00:00");
INSERT INTO cylinderstatus VALUES("314","8","27","222","13.7","228","2019-01-26 00:00:00");
INSERT INTO cylinderstatus VALUES("315","3","29","222","13.4","223","2019-01-26 00:00:00");
INSERT INTO cylinderstatus VALUES("316","12","31","222","13.6","283","2019-01-26 00:00:00");
INSERT INTO cylinderstatus VALUES("317","19","32","222","13.4","236","2019-01-26 00:00:00");
INSERT INTO cylinderstatus VALUES("318","5","34","222","13.6","225","2019-01-26 00:00:00");
INSERT INTO cylinderstatus VALUES("319","21","37","222","13.5","237","2019-01-26 00:00:00");
INSERT INTO cylinderstatus VALUES("320","9","38","222","13.5","229","2019-01-26 00:00:00");
INSERT INTO cylinderstatus VALUES("321","18","41","222","13.6","268","2019-01-26 00:00:00");
INSERT INTO cylinderstatus VALUES("322","22","48","222","41.3","238","2019-01-26 00:00:00");
INSERT INTO cylinderstatus VALUES("323","17","53","222","41.2","284","2019-01-26 00:00:00");
INSERT INTO cylinderstatus VALUES("324","17","54","222","41.1","284","2019-01-26 00:00:00");
INSERT INTO cylinderstatus VALUES("325","13","56","222","41.1","233","2019-01-26 00:00:00");
INSERT INTO cylinderstatus VALUES("326","4","75","222","8.38","224","2019-01-26 00:00:00");
INSERT INTO cylinderstatus VALUES("327","72","29","220","13.4","222","2019-01-26 00:00:00");
INSERT INTO cylinderstatus VALUES("328","72","75","220","8.38","222","2019-01-26 00:00:00");
INSERT INTO cylinderstatus VALUES("329","72","34","220","13.6","222","2019-01-26 00:00:00");
INSERT INTO cylinderstatus VALUES("330","72","20","220","13.5","222","2019-01-26 00:00:00");
INSERT INTO cylinderstatus VALUES("331","72","26","220","13.6","222","2019-01-26 00:00:00");
INSERT INTO cylinderstatus VALUES("332","72","10","220","13.5","222","2019-01-26 00:00:00");
INSERT INTO cylinderstatus VALUES("333","4","10","222","13.5","220","2019-01-26 00:00:00");
INSERT INTO cylinderstatus VALUES("334","4","20","222","13.5","220","2019-01-26 00:00:00");
INSERT INTO cylinderstatus VALUES("335","4","26","222","13.6","220","2019-01-26 00:00:00");
INSERT INTO cylinderstatus VALUES("336","4","29","222","13.4","220","2019-01-26 00:00:00");
INSERT INTO cylinderstatus VALUES("337","4","34","222","13.6","220","2019-01-26 00:00:00");
INSERT INTO cylinderstatus VALUES("338","4","75","222","8.38","220","2019-01-26 00:00:00");
INSERT INTO cylinderstatus VALUES("339","4","78","222","25.2","220","2019-01-26 00:00:00");
INSERT INTO cylinderstatus VALUES("340","4","79","222","25.4","220","2019-01-26 00:00:00");
INSERT INTO cylinderstatus VALUES("341","4","80","222","25.35","220","2019-01-26 00:00:00");
INSERT INTO cylinderstatus VALUES("342","4","81","222","25.25","220","2019-01-26 00:00:00");
INSERT INTO cylinderstatus VALUES("343","4","82","222","25.35","220","2019-01-26 00:00:00");
INSERT INTO cylinderstatus VALUES("344","4","83","222","25.5","220","2019-01-26 00:00:00");
INSERT INTO cylinderstatus VALUES("345","4","84","222","25.4","220","2019-01-26 00:00:00");
INSERT INTO cylinderstatus VALUES("346","4","85","222","25.3","220","2019-01-26 00:00:00");
INSERT INTO cylinderstatus VALUES("347","4","86","222","25.3","220","2019-01-26 00:00:00");
INSERT INTO cylinderstatus VALUES("348","4","87","222","28.38","220","2019-01-26 00:00:00");
INSERT INTO cylinderstatus VALUES("349","4","88","222","25.5","220","2019-01-26 00:00:00");
INSERT INTO cylinderstatus VALUES("350","4","89","222","25.4","220","2019-01-26 00:00:00");
INSERT INTO cylinderstatus VALUES("351","4","90","222","25.4","220","2019-01-26 00:00:00");
INSERT INTO cylinderstatus VALUES("352","4","91","222","25.4","220","2019-01-26 00:00:00");
INSERT INTO cylinderstatus VALUES("353","4","92","222","25.4","220","2019-01-26 00:00:00");
INSERT INTO cylinderstatus VALUES("354","4","93","222","25.35","220","2019-01-26 00:00:00");
INSERT INTO cylinderstatus VALUES("355","4","94","222","25.45","220","2019-01-26 00:00:00");
INSERT INTO cylinderstatus VALUES("356","4","95","222","25.4","220","2019-01-26 00:00:00");
INSERT INTO cylinderstatus VALUES("357","4","96","222","25.4","220","2019-01-26 00:00:00");
INSERT INTO cylinderstatus VALUES("358","4","97","222","25.3","220","2019-01-26 00:00:00");
INSERT INTO cylinderstatus VALUES("359","74","34","220","13.6","222","2019-01-27 00:00:00");
INSERT INTO cylinderstatus VALUES("360","75","29","220","13.4","222","2019-01-27 00:00:00");
INSERT INTO cylinderstatus VALUES("361","23","96","239","25.4","222","2019-01-27 00:00:00");
INSERT INTO cylinderstatus VALUES("362","24","96","239","25.4","222","2019-01-27 00:00:00");
INSERT INTO cylinderstatus VALUES("363","78","75","220","8.38","222","2019-01-27 00:00:00");
INSERT INTO cylinderstatus VALUES("364","79","56","220","41.1","222","2019-01-27 00:00:00");
INSERT INTO cylinderstatus VALUES("365","79","54","220","41.1","222","2019-01-27 00:00:00");
INSERT INTO cylinderstatus VALUES("366","79","53","220","41.2","222","2019-01-27 00:00:00");
INSERT INTO cylinderstatus VALUES("367","79","48","220","41.3","222","2019-01-27 00:00:00");
INSERT INTO cylinderstatus VALUES("368","79","41","220","13.6","222","2019-01-27 00:00:00");
INSERT INTO cylinderstatus VALUES("369","79","38","220","13.5","222","2019-01-27 00:00:00");
INSERT INTO cylinderstatus VALUES("370","79","37","220","13.5","222","2019-01-27 00:00:00");
INSERT INTO cylinderstatus VALUES("371","79","32","220","13.4","222","2019-01-27 00:00:00");
INSERT INTO cylinderstatus VALUES("372","79","31","220","13.6","222","2019-01-27 00:00:00");
INSERT INTO cylinderstatus VALUES("373","79","27","220","13.7","222","2019-01-27 00:00:00");
INSERT INTO cylinderstatus VALUES("374","79","26","220","13.6","222","2019-01-27 00:00:00");
INSERT INTO cylinderstatus VALUES("375","79","25","220","13.6","222","2019-01-27 00:00:00");
INSERT INTO cylinderstatus VALUES("376","79","23","220","13.4","222","2019-01-27 00:00:00");
INSERT INTO cylinderstatus VALUES("377","79","22","220","13.8","222","2019-01-27 00:00:00");
INSERT INTO cylinderstatus VALUES("378","79","20","220","13.5","222","2019-01-27 00:00:00");
INSERT INTO cylinderstatus VALUES("379","79","18","220","13.6","222","2019-01-27 00:00:00");
INSERT INTO cylinderstatus VALUES("380","79","16","220","13.6","222","2019-01-27 00:00:00");
INSERT INTO cylinderstatus VALUES("381","79","15","220","13.6","222","2019-01-27 00:00:00");
INSERT INTO cylinderstatus VALUES("382","79","13","220","13.6","222","2019-01-27 00:00:00");
INSERT INTO cylinderstatus VALUES("383","79","12","220","13.6","222","2019-01-27 00:00:00");
INSERT INTO cylinderstatus VALUES("384","79","10","220","13.5","222","2019-01-27 00:00:00");
INSERT INTO cylinderstatus VALUES("385","79","4","220","13.6","222","2019-01-27 00:00:00");
INSERT INTO cylinderstatus VALUES("386","79","3","220","13.6","222","2019-01-27 00:00:00");
INSERT INTO cylinderstatus VALUES("387","3","3","216","13.6","222","2019-01-27 00:00:00");
INSERT INTO cylinderstatus VALUES("388","3","4","216","13.6","222","2019-01-27 00:00:00");
INSERT INTO cylinderstatus VALUES("389","4","10","216","13.5","222","2019-01-27 00:00:00");
INSERT INTO cylinderstatus VALUES("390","3","12","216","13.6","222","2019-01-27 00:00:00");
INSERT INTO cylinderstatus VALUES("391","3","13","216","13.6","222","2019-01-27 00:00:00");
INSERT INTO cylinderstatus VALUES("392","3","15","216","13.6","222","2019-01-27 00:00:00");
INSERT INTO cylinderstatus VALUES("393","3","16","216","13.6","222","2019-01-27 00:00:00");
INSERT INTO cylinderstatus VALUES("394","3","18","216","13.6","222","2019-01-27 00:00:00");
INSERT INTO cylinderstatus VALUES("395","4","20","216","13.5","222","2019-01-27 00:00:00");
INSERT INTO cylinderstatus VALUES("396","3","22","216","13.8","222","2019-01-27 00:00:00");
INSERT INTO cylinderstatus VALUES("397","3","23","216","13.4","222","2019-01-27 00:00:00");
INSERT INTO cylinderstatus VALUES("398","3","25","216","13.6","222","2019-01-27 00:00:00");
INSERT INTO cylinderstatus VALUES("399","4","26","216","13.6","222","2019-01-27 00:00:00");
INSERT INTO cylinderstatus VALUES("400","3","27","216","13.7","222","2019-01-27 00:00:00");
INSERT INTO cylinderstatus VALUES("401","4","29","216","13.4","222","2019-01-27 00:00:00");
INSERT INTO cylinderstatus VALUES("402","3","31","216","13.6","222","2019-01-27 00:00:00");
INSERT INTO cylinderstatus VALUES("403","3","32","216","13.4","222","2019-01-27 00:00:00");
INSERT INTO cylinderstatus VALUES("404","4","34","216","13.6","222","2019-01-27 00:00:00");
INSERT INTO cylinderstatus VALUES("405","3","37","216","13.5","222","2019-01-27 00:00:00");
INSERT INTO cylinderstatus VALUES("406","3","38","216","13.5","222","2019-01-27 00:00:00");
INSERT INTO cylinderstatus VALUES("407","3","41","216","13.6","222","2019-01-27 00:00:00");
INSERT INTO cylinderstatus VALUES("408","3","48","216","41.3","222","2019-01-27 00:00:00");
INSERT INTO cylinderstatus VALUES("409","3","53","216","41.2","222","2019-01-27 00:00:00");
INSERT INTO cylinderstatus VALUES("410","3","54","216","41.1","222","2019-01-27 00:00:00");
INSERT INTO cylinderstatus VALUES("411","3","56","216","41.1","222","2019-01-27 00:00:00");
INSERT INTO cylinderstatus VALUES("412","4","75","216","8.38","222","2019-01-27 00:00:00");
INSERT INTO cylinderstatus VALUES("413","24","96","222","13.6","239","2019-01-27 00:00:00");
INSERT INTO cylinderstatus VALUES("414","107","96","220","13.6","222","2019-01-27 00:00:00");
INSERT INTO cylinderstatus VALUES("415","4","96","216","13.6","222","2019-01-27 00:00:00");
INSERT INTO cylinderstatus VALUES("416","25","36","240","25.4","222","2019-01-27 00:00:00");
INSERT INTO cylinderstatus VALUES("417","26","11","241","25.3","222","2019-01-27 00:00:00");
INSERT INTO cylinderstatus VALUES("418","26","33","241","25.4","222","2019-01-27 00:00:00");
INSERT INTO cylinderstatus VALUES("419","26","35","241","25.5","222","2019-01-27 00:00:00");
INSERT INTO cylinderstatus VALUES("420","27","81","249","25.25","222","2019-01-27 00:00:00");
INSERT INTO cylinderstatus VALUES("421","27","82","249","25.35","222","2019-01-27 00:00:00");
INSERT INTO cylinderstatus VALUES("422","28","89","242","25.4","222","2019-01-27 00:00:00");
INSERT INTO cylinderstatus VALUES("423","29","85","245","25.3","222","2019-01-27 00:00:00");
INSERT INTO cylinderstatus VALUES("424","30","28","238","25.3","222","2019-01-27 00:00:00");
INSERT INTO cylinderstatus VALUES("425","30","14","238","25.4","222","2019-01-27 00:00:00");
INSERT INTO cylinderstatus VALUES("426","30","19","238","25.4","222","2019-01-27 00:00:00");
INSERT INTO cylinderstatus VALUES("427","27","81","222","14.55","249","2019-01-27 00:00:00");
INSERT INTO cylinderstatus VALUES("428","27","82","222","13.9","249","2019-01-27 00:00:00");
INSERT INTO cylinderstatus VALUES("429","30","28","222","13.6","238","2019-01-27 00:00:00");
INSERT INTO cylinderstatus VALUES("430","30","14","222","13.65","238","2019-01-27 00:00:00");
INSERT INTO cylinderstatus VALUES("431","31","51","309","86.4","222","2019-01-27 00:00:00");
INSERT INTO cylinderstatus VALUES("432","32","95","243","25.4","222","2019-01-27 00:00:00");
INSERT INTO cylinderstatus VALUES("433","32","93","243","25.4","222","2019-01-27 00:00:00");
INSERT INTO cylinderstatus VALUES("434","32","92","243","25.4","222","2019-01-27 00:00:00");
INSERT INTO cylinderstatus VALUES("435","32","86","243","25.3","222","2019-01-27 00:00:00");
INSERT INTO cylinderstatus VALUES("436","32","91","243","25.4","222","2019-01-27 00:00:00");
INSERT INTO cylinderstatus VALUES("437","32","78","243","25.2","222","2019-01-27 00:00:00");
INSERT INTO cylinderstatus VALUES("438","32","80","243","25.35","222","2019-01-27 00:00:00");
INSERT INTO cylinderstatus VALUES("439","121","98","216","25.3","216","2019-01-27 00:00:00");
INSERT INTO cylinderstatus VALUES("440","121","99","216","25.3","216","2019-01-27 00:00:00");
INSERT INTO cylinderstatus VALUES("441","121","100","216","25.8","216","2019-01-27 00:00:00");
INSERT INTO cylinderstatus VALUES("442","121","101","216","25.3","216","2019-01-27 00:00:00");
INSERT INTO cylinderstatus VALUES("443","121","102","216","25.35","216","2019-01-27 00:00:00");
INSERT INTO cylinderstatus VALUES("444","121","103","216","25.4","216","2019-01-27 00:00:00");
INSERT INTO cylinderstatus VALUES("445","121","104","216","25.3","216","2019-01-27 00:00:00");
INSERT INTO cylinderstatus VALUES("446","121","105","216","25.4","216","2019-01-27 00:00:00");
INSERT INTO cylinderstatus VALUES("447","121","106","216","25.4","216","2019-01-27 00:00:00");
INSERT INTO cylinderstatus VALUES("448","121","107","216","25.2","216","2019-01-27 00:00:00");
INSERT INTO cylinderstatus VALUES("449","33","84","244","25.4","222","2019-01-27 00:00:00");
INSERT INTO cylinderstatus VALUES("450","33","5","244","25.5","222","2019-01-27 00:00:00");
INSERT INTO cylinderstatus VALUES("451","33","97","244","25.3","222","2019-01-27 00:00:00");
INSERT INTO cylinderstatus VALUES("452","33","90","244","25.4","222","2019-01-27 00:00:00");
INSERT INTO cylinderstatus VALUES("453","33","87","244","28.38","222","2019-01-27 00:00:00");
INSERT INTO cylinderstatus VALUES("454","33","79","244","25.4","222","2019-01-27 00:00:00");
INSERT INTO cylinderstatus VALUES("455","33","83","244","25.5","222","2019-01-27 00:00:00");
INSERT INTO cylinderstatus VALUES("456","33","94","244","25.45","222","2019-01-27 00:00:00");
INSERT INTO cylinderstatus VALUES("457","33","88","244","25.5","222","2019-01-27 00:00:00");
INSERT INTO cylinderstatus VALUES("458","123","137","216","25.4","216","2019-01-27 00:00:00");
INSERT INTO cylinderstatus VALUES("459","124","137","220","25.4","216","2019-01-27 00:00:00");
INSERT INTO cylinderstatus VALUES("460","124","107","220","25.2","216","2019-01-27 00:00:00");
INSERT INTO cylinderstatus VALUES("461","125","108","216","25.2","216","2019-01-27 00:00:00");
INSERT INTO cylinderstatus VALUES("462","125","109","216","25.4","216","2019-01-27 00:00:00");
INSERT INTO cylinderstatus VALUES("463","125","110","216","25.2","216","2019-01-27 00:00:00");
INSERT INTO cylinderstatus VALUES("464","125","111","216","25.4","216","2019-01-27 00:00:00");
INSERT INTO cylinderstatus VALUES("465","125","112","216","25.3","216","2019-01-27 00:00:00");
INSERT INTO cylinderstatus VALUES("466","125","113","216","25.4","216","2019-01-27 00:00:00");
INSERT INTO cylinderstatus VALUES("467","125","114","216","25.4","216","2019-01-27 00:00:00");
INSERT INTO cylinderstatus VALUES("468","125","115","216","25.4","216","2019-01-27 00:00:00");
INSERT INTO cylinderstatus VALUES("469","126","117","216","25.5","216","2019-01-27 00:00:00");
INSERT INTO cylinderstatus VALUES("470","126","118","216","25.4","216","2019-01-27 00:00:00");
INSERT INTO cylinderstatus VALUES("471","126","119","216","25.3","216","2019-01-27 00:00:00");
INSERT INTO cylinderstatus VALUES("472","126","120","216","25.4","216","2019-01-27 00:00:00");
INSERT INTO cylinderstatus VALUES("473","126","121","216","25.3","216","2019-01-27 00:00:00");
INSERT INTO cylinderstatus VALUES("474","126","122","216","25.4","216","2019-01-27 00:00:00");
INSERT INTO cylinderstatus VALUES("475","126","123","216","25.2","216","2019-01-27 00:00:00");
INSERT INTO cylinderstatus VALUES("476","126","124","216","25.3","216","2019-01-27 00:00:00");
INSERT INTO cylinderstatus VALUES("477","126","125","216","25.4","216","2019-01-27 00:00:00");
INSERT INTO cylinderstatus VALUES("478","126","126","216","25.3","216","2019-01-27 00:00:00");
INSERT INTO cylinderstatus VALUES("479","126","127","216","25.5","216","2019-01-27 00:00:00");
INSERT INTO cylinderstatus VALUES("480","126","128","216","25.4","216","2019-01-27 00:00:00");
INSERT INTO cylinderstatus VALUES("481","126","129","216","25.4","216","2019-01-27 00:00:00");
INSERT INTO cylinderstatus VALUES("482","126","130","216","25.3","216","2019-01-27 00:00:00");
INSERT INTO cylinderstatus VALUES("483","126","131","216","25.2","216","2019-01-27 00:00:00");
INSERT INTO cylinderstatus VALUES("484","126","132","216","25.5","216","2019-01-27 00:00:00");
INSERT INTO cylinderstatus VALUES("485","126","133","216","25.4","216","2019-01-27 00:00:00");
INSERT INTO cylinderstatus VALUES("486","126","134","216","25.4","216","2019-01-27 00:00:00");
INSERT INTO cylinderstatus VALUES("487","126","135","216","25.4","216","2019-01-27 00:00:00");
INSERT INTO cylinderstatus VALUES("488","126","136","216","25.4","216","2019-01-27 00:00:00");
INSERT INTO cylinderstatus VALUES("489","127","98","220","25.3","216","2019-01-27 00:00:00");
INSERT INTO cylinderstatus VALUES("490","127","99","220","25.3","216","2019-01-27 00:00:00");
INSERT INTO cylinderstatus VALUES("491","127","100","220","25.8","216","2019-01-27 00:00:00");
INSERT INTO cylinderstatus VALUES("492","127","101","220","25.3","216","2019-01-27 00:00:00");
INSERT INTO cylinderstatus VALUES("493","127","102","220","25.35","216","2019-01-27 00:00:00");
INSERT INTO cylinderstatus VALUES("494","127","103","220","25.4","216","2019-01-27 00:00:00");
INSERT INTO cylinderstatus VALUES("495","127","104","220","25.3","216","2019-01-27 00:00:00");
INSERT INTO cylinderstatus VALUES("496","127","105","220","25.4","216","2019-01-27 00:00:00");
INSERT INTO cylinderstatus VALUES("497","127","106","220","25.4","216","2019-01-27 00:00:00");
INSERT INTO cylinderstatus VALUES("498","127","108","220","25.2","216","2019-01-27 00:00:00");
INSERT INTO cylinderstatus VALUES("499","127","109","220","25.4","216","2019-01-27 00:00:00");
INSERT INTO cylinderstatus VALUES("500","127","110","220","25.2","216","2019-01-27 00:00:00");
INSERT INTO cylinderstatus VALUES("501","127","111","220","25.4","216","2019-01-27 00:00:00");
INSERT INTO cylinderstatus VALUES("502","127","112","220","25.3","216","2019-01-27 00:00:00");
INSERT INTO cylinderstatus VALUES("503","127","113","220","25.4","216","2019-01-27 00:00:00");
INSERT INTO cylinderstatus VALUES("504","127","114","220","25.4","216","2019-01-27 00:00:00");
INSERT INTO cylinderstatus VALUES("505","127","115","220","25.4","216","2019-01-27 00:00:00");
INSERT INTO cylinderstatus VALUES("506","127","117","220","25.5","216","2019-01-27 00:00:00");
INSERT INTO cylinderstatus VALUES("507","127","118","220","25.4","216","2019-01-27 00:00:00");
INSERT INTO cylinderstatus VALUES("508","127","119","220","25.3","216","2019-01-27 00:00:00");
INSERT INTO cylinderstatus VALUES("509","127","120","220","25.4","216","2019-01-27 00:00:00");
INSERT INTO cylinderstatus VALUES("510","127","121","220","25.3","216","2019-01-27 00:00:00");
INSERT INTO cylinderstatus VALUES("511","127","122","220","25.4","216","2019-01-27 00:00:00");
INSERT INTO cylinderstatus VALUES("512","127","123","220","25.2","216","2019-01-27 00:00:00");
INSERT INTO cylinderstatus VALUES("513","127","124","220","25.3","216","2019-01-27 00:00:00");
INSERT INTO cylinderstatus VALUES("514","127","125","220","25.4","216","2019-01-27 00:00:00");
INSERT INTO cylinderstatus VALUES("515","127","126","220","25.3","216","2019-01-27 00:00:00");
INSERT INTO cylinderstatus VALUES("516","127","127","220","25.5","216","2019-01-27 00:00:00");
INSERT INTO cylinderstatus VALUES("517","127","128","220","25.4","216","2019-01-27 00:00:00");
INSERT INTO cylinderstatus VALUES("518","127","129","220","25.4","216","2019-01-27 00:00:00");
INSERT INTO cylinderstatus VALUES("519","127","130","220","25.3","216","2019-01-27 00:00:00");
INSERT INTO cylinderstatus VALUES("520","127","131","220","25.2","216","2019-01-27 00:00:00");
INSERT INTO cylinderstatus VALUES("521","127","132","220","25.5","216","2019-01-27 00:00:00");
INSERT INTO cylinderstatus VALUES("522","127","133","220","25.4","216","2019-01-27 00:00:00");
INSERT INTO cylinderstatus VALUES("523","127","134","220","25.4","216","2019-01-27 00:00:00");
INSERT INTO cylinderstatus VALUES("524","127","135","220","25.4","216","2019-01-27 00:00:00");
INSERT INTO cylinderstatus VALUES("525","127","136","220","25.4","216","2019-01-27 00:00:00");
INSERT INTO cylinderstatus VALUES("526","128","138","216","25.4","216","2019-01-27 00:00:00");
INSERT INTO cylinderstatus VALUES("527","129","138","220","25.4","216","2019-01-27 00:00:00");
INSERT INTO cylinderstatus VALUES("528","130","4","216","25.8","216","2019-01-27 00:00:00");



DROP TABLE IF EXISTS invoices;

CREATE TABLE `invoices` (
  `ID` int(11) NOT NULL AUTO_INCREMENT,
  `IssuedTo` int(11) NOT NULL,
  `VehicleID` int(11) NOT NULL,
  `Note` text NOT NULL,
  `PerformedBy` int(11) NOT NULL,
  `DateAdded` datetime NOT NULL,
  `DateModified` datetime NOT NULL,
  PRIMARY KEY (`ID`)
) ENGINE=InnoDB AUTO_INCREMENT=131 DEFAULT CHARSET=latin1;

INSERT INTO invoices VALUES("11","216","0","Refilling","216","2019-03-05 06:59:30","2019-03-05 06:59:30");
INSERT INTO invoices VALUES("12","216","0","Refilling","216","2019-03-05 07:03:31","2019-03-05 07:03:31");
INSERT INTO invoices VALUES("13","216","0","Refilling","216","2019-03-05 07:07:06","2019-03-05 07:07:06");
INSERT INTO invoices VALUES("14","216","0","Refilling","216","2019-03-05 07:12:40","2019-03-05 07:12:40");
INSERT INTO invoices VALUES("15","216","0","Refilling","216","2019-03-05 07:17:57","2019-03-05 07:17:57");
INSERT INTO invoices VALUES("16","216","0","Refilling","216","2019-03-05 07:48:52","2019-03-05 07:48:52");
INSERT INTO invoices VALUES("17","216","0","Refilling","216","2019-03-05 08:03:14","2019-03-05 08:03:14");
INSERT INTO invoices VALUES("18","220","1","SALE OF 25-01-2019","216","2019-03-05 08:07:41","2019-03-05 08:07:41");
INSERT INTO invoices VALUES("19","220","1","SALE OF 25-01-2019","216","2019-03-05 08:08:48","2019-03-05 08:08:48");
INSERT INTO invoices VALUES("20","220","1","SALE OF 25-01-2019","216","2019-03-05 08:09:43","2019-03-05 08:09:43");
INSERT INTO invoices VALUES("21","220","1","SALE OF 25-01-2019","216","2019-03-05 08:10:19","2019-03-05 08:10:19");
INSERT INTO invoices VALUES("22","222","0","25--01-2019","222","2019-03-05 08:30:16","2019-03-05 08:30:16");
INSERT INTO invoices VALUES("23","223","0","","222","2019-03-06 00:00:00","2019-03-06 00:00:00");
INSERT INTO invoices VALUES("24","224","0","","222","2019-03-06 00:00:00","2019-03-06 00:00:00");
INSERT INTO invoices VALUES("25","225","0","25-01-19","222","2019-03-06 00:00:00","2019-03-06 00:00:00");
INSERT INTO invoices VALUES("26","226","0","25-01-19","222","2019-03-06 00:00:00","2019-03-06 00:00:00");
INSERT INTO invoices VALUES("27","227","0","25-01-19","222","2019-03-06 00:00:00","2019-03-06 00:00:00");
INSERT INTO invoices VALUES("28","228","0","26-01-19","222","2019-03-06 00:00:00","2019-03-06 00:00:00");
INSERT INTO invoices VALUES("29","229","0","26-01-19\r\nwe issue 3 new empty\r\nhe pay 9000","222","2019-03-06 00:00:00","2019-03-06 00:00:00");
INSERT INTO invoices VALUES("30","230","0","26-01-19\r\nwe issue 1 new empty\r\nhe deposited 3000","222","2019-03-06 00:00:00","2019-03-06 00:00:00");
INSERT INTO invoices VALUES("31","231","0","26-01-19","222","2019-03-06 00:00:00","2019-03-06 00:00:00");
INSERT INTO invoices VALUES("32","283","0","26-01-19","222","2019-03-06 00:00:00","2019-03-06 00:00:00");
INSERT INTO invoices VALUES("33","233","0","26-01-19","222","2019-03-06 00:00:00","2019-03-06 00:00:00");
INSERT INTO invoices VALUES("34","234","0","26-01-19","222","2019-03-06 00:00:00","2019-03-06 00:00:00");
INSERT INTO invoices VALUES("35","235","0","26-01-19","222","2019-03-06 00:00:00","2019-03-06 00:00:00");
INSERT INTO invoices VALUES("36","225","0","26-01-19","222","2019-01-26 00:00:00","2019-01-26 00:00:00");
INSERT INTO invoices VALUES("37","216","0","Refilling","216","2019-01-26 00:00:00","2019-01-26 00:00:00");
INSERT INTO invoices VALUES("38","216","0","Refilling","216","2019-01-26 00:00:00","2019-01-26 00:00:00");
INSERT INTO invoices VALUES("39","284","0","26-01-19","222","2019-01-26 00:00:00","2019-01-26 00:00:00");
INSERT INTO invoices VALUES("40","220","1","SALE OF 26-01-2019","216","2019-01-26 00:00:00","2019-01-26 00:00:00");
INSERT INTO invoices VALUES("41","268","0","26-01-19","222","2019-01-26 00:00:00","2019-01-26 00:00:00");
INSERT INTO invoices VALUES("42","236","0","26-01-19","222","2019-01-26 00:00:00","2019-01-26 00:00:00");
INSERT INTO invoices VALUES("43","286","0","26-01-19","222","2019-01-26 00:00:00","2019-01-26 00:00:00");
INSERT INTO invoices VALUES("44","237","0","","222","2019-01-26 00:00:00","2019-01-26 00:00:00");
INSERT INTO invoices VALUES("45","238","0","","222","2019-01-26 00:00:00","2019-01-26 00:00:00");
INSERT INTO invoices VALUES("46","222","0","","229","2019-01-26 00:00:00","2019-01-26 00:00:00");
INSERT INTO invoices VALUES("47","222","0","","231","2019-01-26 00:00:00","2019-01-26 00:00:00");
INSERT INTO invoices VALUES("48","222","0","","227","2019-01-26 00:00:00","2019-01-26 00:00:00");
INSERT INTO invoices VALUES("49","222","0","","225","2019-01-26 00:00:00","2019-01-26 00:00:00");
INSERT INTO invoices VALUES("50","222","0","","229","2019-01-26 00:00:00","2019-01-26 00:00:00");
INSERT INTO invoices VALUES("51","222","0","","234","2019-01-26 00:00:00","2019-01-26 00:00:00");
INSERT INTO invoices VALUES("52","222","0","","235","2019-01-26 00:00:00","2019-01-26 00:00:00");
INSERT INTO invoices VALUES("53","222","0","","225","2019-01-26 00:00:00","2019-01-26 00:00:00");
INSERT INTO invoices VALUES("54","222","0","","225","2019-01-26 00:00:00","2019-01-26 00:00:00");
INSERT INTO invoices VALUES("55","222","0","","286","2019-01-26 00:00:00","2019-01-26 00:00:00");
INSERT INTO invoices VALUES("56","222","0","","238","2019-01-26 00:00:00","2019-01-26 00:00:00");
INSERT INTO invoices VALUES("57","222","0","","230","2019-01-26 00:00:00","2019-01-26 00:00:00");
INSERT INTO invoices VALUES("58","222","0","","226","2019-01-26 00:00:00","2019-01-26 00:00:00");
INSERT INTO invoices VALUES("59","222","0","","228","2019-01-26 00:00:00","2019-01-26 00:00:00");
INSERT INTO invoices VALUES("60","222","0","","223","2019-01-26 00:00:00","2019-01-26 00:00:00");
INSERT INTO invoices VALUES("61","222","0","","283","2019-01-26 00:00:00","2019-01-26 00:00:00");
INSERT INTO invoices VALUES("62","222","0","","236","2019-01-26 00:00:00","2019-01-26 00:00:00");
INSERT INTO invoices VALUES("63","222","0","","225","2019-01-26 00:00:00","2019-01-26 00:00:00");
INSERT INTO invoices VALUES("64","222","0","","237","2019-01-26 00:00:00","2019-01-26 00:00:00");
INSERT INTO invoices VALUES("65","222","0","","229","2019-01-26 00:00:00","2019-01-26 00:00:00");
INSERT INTO invoices VALUES("66","222","0","","268","2019-01-26 00:00:00","2019-01-26 00:00:00");
INSERT INTO invoices VALUES("67","222","0","","238","2019-01-26 00:00:00","2019-01-26 00:00:00");
INSERT INTO invoices VALUES("68","222","0","","284","2019-01-26 00:00:00","2019-01-26 00:00:00");
INSERT INTO invoices VALUES("69","222","0","","284","2019-01-26 00:00:00","2019-01-26 00:00:00");
INSERT INTO invoices VALUES("70","222","0","","233","2019-01-26 00:00:00","2019-01-26 00:00:00");
INSERT INTO invoices VALUES("71","222","0","","224","2019-01-26 00:00:00","2019-01-26 00:00:00");
INSERT INTO invoices VALUES("72","220","1","25-01-19","222","2019-01-26 00:00:00","2019-01-26 00:00:00");
INSERT INTO invoices VALUES("73","222","0","25-01-19","222","2019-01-26 00:00:00","2019-01-26 00:00:00");
INSERT INTO invoices VALUES("74","220","1","","222","2019-01-27 00:00:00","2019-01-27 00:00:00");
INSERT INTO invoices VALUES("75","220","1","","222","2019-01-27 00:00:00","2019-01-27 00:00:00");
INSERT INTO invoices VALUES("76","239","0","","222","2019-01-27 00:00:00","2019-01-27 00:00:00");
INSERT INTO invoices VALUES("77","239","0","","222","2019-01-27 00:00:00","2019-01-27 00:00:00");
INSERT INTO invoices VALUES("78","220","1","","222","2019-01-27 00:00:00","2019-01-27 00:00:00");
INSERT INTO invoices VALUES("79","220","1","","222","2019-01-27 00:00:00","2019-01-27 00:00:00");
INSERT INTO invoices VALUES("80","216","0","Empty  Received","222","2019-01-27 00:00:00","2019-01-27 00:00:00");
INSERT INTO invoices VALUES("81","216","0","Empty  Received","222","2019-01-27 00:00:00","2019-01-27 00:00:00");
INSERT INTO invoices VALUES("82","216","0","Empty  Received","222","2019-01-27 00:00:00","2019-01-27 00:00:00");
INSERT INTO invoices VALUES("83","216","0","Empty  Received","222","2019-01-27 00:00:00","2019-01-27 00:00:00");
INSERT INTO invoices VALUES("84","216","0","Empty  Received","222","2019-01-27 00:00:00","2019-01-27 00:00:00");
INSERT INTO invoices VALUES("85","216","0","Empty  Received","222","2019-01-27 00:00:00","2019-01-27 00:00:00");
INSERT INTO invoices VALUES("86","216","0","Empty  Received","222","2019-01-27 00:00:00","2019-01-27 00:00:00");
INSERT INTO invoices VALUES("87","216","0","Empty  Received","222","2019-01-27 00:00:00","2019-01-27 00:00:00");
INSERT INTO invoices VALUES("88","216","0","Empty  Received","222","2019-01-27 00:00:00","2019-01-27 00:00:00");
INSERT INTO invoices VALUES("89","216","0","Empty  Received","222","2019-01-27 00:00:00","2019-01-27 00:00:00");
INSERT INTO invoices VALUES("90","216","0","Empty  Received","222","2019-01-27 00:00:00","2019-01-27 00:00:00");
INSERT INTO invoices VALUES("91","216","0","Empty  Received","222","2019-01-27 00:00:00","2019-01-27 00:00:00");
INSERT INTO invoices VALUES("92","216","0","Empty  Received","222","2019-01-27 00:00:00","2019-01-27 00:00:00");
INSERT INTO invoices VALUES("93","216","0","Empty  Received","222","2019-01-27 00:00:00","2019-01-27 00:00:00");
INSERT INTO invoices VALUES("94","216","0","Empty  Received","222","2019-01-27 00:00:00","2019-01-27 00:00:00");
INSERT INTO invoices VALUES("95","216","0","Empty  Received","222","2019-01-27 00:00:00","2019-01-27 00:00:00");
INSERT INTO invoices VALUES("96","216","0","Empty  Received","222","2019-01-27 00:00:00","2019-01-27 00:00:00");
INSERT INTO invoices VALUES("97","216","0","Empty  Received","222","2019-01-27 00:00:00","2019-01-27 00:00:00");
INSERT INTO invoices VALUES("98","216","0","Empty  Received","222","2019-01-27 00:00:00","2019-01-27 00:00:00");
INSERT INTO invoices VALUES("99","216","0","Empty Received","222","2019-01-27 00:00:00","2019-01-27 00:00:00");
INSERT INTO invoices VALUES("100","216","0","Empty Received","222","2019-01-27 00:00:00","2019-01-27 00:00:00");
INSERT INTO invoices VALUES("101","216","0","Empty Received","222","2019-01-27 00:00:00","2019-01-27 00:00:00");
INSERT INTO invoices VALUES("102","216","0","Empty Received","222","2019-01-27 00:00:00","2019-01-27 00:00:00");
INSERT INTO invoices VALUES("103","216","0","Empty Received","222","2019-01-27 00:00:00","2019-01-27 00:00:00");
INSERT INTO invoices VALUES("104","216","0","Empty Received","222","2019-01-27 00:00:00","2019-01-27 00:00:00");
INSERT INTO invoices VALUES("105","216","0","Empty Received","222","2019-01-27 00:00:00","2019-01-27 00:00:00");
INSERT INTO invoices VALUES("106","222","0","","239","2019-01-27 00:00:00","2019-01-27 00:00:00");
INSERT INTO invoices VALUES("107","220","1","","222","2019-01-27 00:00:00","2019-01-27 00:00:00");
INSERT INTO invoices VALUES("108","216","0","RECEIVED","222","2019-01-27 00:00:00","2019-01-27 00:00:00");
INSERT INTO invoices VALUES("109","240","0","","222","2019-01-27 00:00:00","2019-01-27 00:00:00");
INSERT INTO invoices VALUES("110","241","0","","222","2019-01-27 00:00:00","2019-01-27 00:00:00");
INSERT INTO invoices VALUES("111","249","0","27-01-19","222","2019-01-27 00:00:00","2019-01-27 00:00:00");
INSERT INTO invoices VALUES("112","242","0","","222","2019-01-27 00:00:00","2019-01-27 00:00:00");
INSERT INTO invoices VALUES("113","245","0","","222","2019-01-27 00:00:00","2019-01-27 00:00:00");
INSERT INTO invoices VALUES("114","238","0","28-01-19","222","2019-01-27 00:00:00","2019-01-27 00:00:00");
INSERT INTO invoices VALUES("115","222","0","","249","2019-01-27 00:00:00","2019-01-27 00:00:00");
INSERT INTO invoices VALUES("116","222","0","","249","2019-01-27 00:00:00","2019-01-27 00:00:00");
INSERT INTO invoices VALUES("117","222","0","","238","2019-01-27 00:00:00","2019-01-27 00:00:00");
INSERT INTO invoices VALUES("118","222","0","","238","2019-01-27 00:00:00","2019-01-27 00:00:00");
INSERT INTO invoices VALUES("119","309","0","","222","2019-01-27 00:00:00","2019-01-27 00:00:00");
INSERT INTO invoices VALUES("120","243","0","28-01-19","222","2019-01-27 00:00:00","2019-01-27 00:00:00");
INSERT INTO invoices VALUES("121","216","0","Refilling","216","2019-01-27 00:00:00","2019-01-27 00:00:00");
INSERT INTO invoices VALUES("122","244","0","28-01-19","222","2019-01-27 00:00:00","2019-01-27 00:00:00");
INSERT INTO invoices VALUES("123","216","0","Refilling","216","2019-01-27 00:00:00","2019-01-27 00:00:00");
INSERT INTO invoices VALUES("124","220","1","28-01-19","216","2019-01-27 00:00:00","2019-01-27 00:00:00");
INSERT INTO invoices VALUES("125","216","0","Refilling","216","2019-01-27 00:00:00","2019-01-27 00:00:00");
INSERT INTO invoices VALUES("126","216","0","Refilling","216","2019-01-27 00:00:00","2019-01-27 00:00:00");
INSERT INTO invoices VALUES("127","220","1","28-01-19","216","2019-01-27 00:00:00","2019-01-27 00:00:00");
INSERT INTO invoices VALUES("128","216","0","Refilling","216","2019-01-27 00:00:00","2019-01-27 00:00:00");
INSERT INTO invoices VALUES("129","220","1","28-1-19","216","2019-01-27 00:00:00","2019-01-27 00:00:00");
INSERT INTO invoices VALUES("130","216","0","Refilling","216","2019-01-27 00:00:00","2019-01-27 00:00:00");



DROP TABLE IF EXISTS purchase_details;

CREATE TABLE `purchase_details` (
  `ID` int(11) NOT NULL AUTO_INCREMENT,
  `PurchaseID` int(11) NOT NULL,
  `CylinderID` int(11) NOT NULL,
  `TierWeight` float NOT NULL,
  `CompanyTotalWeight` float NOT NULL,
  `TotalWeight` float NOT NULL,
  `Price` float NOT NULL,
  `RetailPrice` float NOT NULL,
  `GasRate` float NOT NULL,
  `ReturnStatus` int(11) NOT NULL,
  `ReturnWeight` float NOT NULL,
  `ReturnDate` datetime NOT NULL,
  `PerformedBy` int(11) NOT NULL,
  `DateAdded` datetime NOT NULL,
  `DateModified` datetime NOT NULL,
  PRIMARY KEY (`ID`)
) ENGINE=InnoDB AUTO_INCREMENT=104 DEFAULT CHARSET=latin1;

INSERT INTO purchase_details VALUES("3","3","3","13.6","25.4","25.4","1770","1770","150","1","13.6","2019-01-27 00:00:00","222","2019-03-05 08:30:16","2019-03-05 08:30:16");
INSERT INTO purchase_details VALUES("4","3","4","13.6","25.4","25.4","1770","1770","150","1","13.6","2019-01-27 00:00:00","222","2019-03-05 08:30:16","2019-03-05 08:30:16");
INSERT INTO purchase_details VALUES("5","3","5","13.7","25.5","25.5","1770","1770","150","0","0","2019-03-05 08:30:16","222","2019-03-05 08:30:16","2019-03-05 08:30:16");
INSERT INTO purchase_details VALUES("6","3","6","13.3","25.1","25.1","1770","1770","150","0","0","2019-03-05 08:30:16","222","2019-03-05 08:30:16","2019-03-05 08:30:16");
INSERT INTO purchase_details VALUES("7","3","7","13.6","25.4","25.4","1770","1770","150","0","0","2019-03-05 08:30:16","222","2019-03-05 08:30:16","2019-03-05 08:30:16");
INSERT INTO purchase_details VALUES("8","3","8","13.7","25.5","25.5","1770","1770","150","0","0","2019-03-05 08:30:16","222","2019-03-05 08:30:16","2019-03-05 08:30:16");
INSERT INTO purchase_details VALUES("9","3","9","13.6","25.4","25.4","1770","1770","150","0","0","2019-03-05 08:30:16","222","2019-03-05 08:30:16","2019-03-05 08:30:16");
INSERT INTO purchase_details VALUES("10","3","10","13.5","25.3","25.3","1770","1770","150","1","13.5","2019-01-26 00:00:00","222","2019-03-05 08:30:16","2019-03-05 08:30:16");
INSERT INTO purchase_details VALUES("11","3","11","13.5","25.3","25.3","1770","1770","150","0","0","2019-03-05 08:30:16","222","2019-03-05 08:30:16","2019-03-05 08:30:16");
INSERT INTO purchase_details VALUES("12","3","12","13.6","25.4","25.4","1770","1770","150","1","13.6","2019-01-27 00:00:00","222","2019-03-05 08:30:16","2019-03-05 08:30:16");
INSERT INTO purchase_details VALUES("13","3","13","13.6","25.4","25.4","1770","1770","150","1","13.6","2019-01-27 00:00:00","222","2019-03-05 08:30:16","2019-03-05 08:30:16");
INSERT INTO purchase_details VALUES("14","3","14","13.6","25.4","25.4","1770","1770","150","0","0","2019-03-05 08:30:16","222","2019-03-05 08:30:16","2019-03-05 08:30:16");
INSERT INTO purchase_details VALUES("15","3","15","13.6","25.4","25.4","1770","1770","150","1","13.6","2019-01-27 00:00:00","222","2019-03-05 08:30:16","2019-03-05 08:30:16");
INSERT INTO purchase_details VALUES("16","3","16","13.6","25.4","25.4","1770","1770","150","1","13.6","2019-01-27 00:00:00","222","2019-03-05 08:30:16","2019-03-05 08:30:16");
INSERT INTO purchase_details VALUES("17","3","17","13.7","25.5","25.5","1770","1770","150","0","0","2019-03-05 08:30:16","222","2019-03-05 08:30:16","2019-03-05 08:30:16");
INSERT INTO purchase_details VALUES("18","3","18","13.6","25.4","25.4","1770","1770","150","1","13.6","2019-01-27 00:00:00","222","2019-03-05 08:30:16","2019-03-05 08:30:16");
INSERT INTO purchase_details VALUES("19","3","19","13.6","25.4","25.4","1770","1770","150","0","0","2019-03-05 08:30:16","222","2019-03-05 08:30:16","2019-03-05 08:30:16");
INSERT INTO purchase_details VALUES("20","3","20","13.5","25.3","25.3","1770","1770","150","1","13.5","2019-01-26 00:00:00","222","2019-03-05 08:30:16","2019-03-05 08:30:16");
INSERT INTO purchase_details VALUES("21","3","21","13.6","25.4","25.4","1770","1770","150","0","0","2019-03-05 08:30:16","222","2019-03-05 08:30:16","2019-03-05 08:30:16");
INSERT INTO purchase_details VALUES("22","3","22","13.8","25.7","25.7","1785","1785","150","1","13.8","2019-01-27 00:00:00","222","2019-03-05 08:30:16","2019-03-05 08:30:16");
INSERT INTO purchase_details VALUES("23","3","23","13.4","25.2","25.2","1770","1770","150","1","13.4","2019-01-27 00:00:00","222","2019-03-05 08:30:16","2019-03-05 08:30:16");
INSERT INTO purchase_details VALUES("24","3","24","13.5","25.3","25.3","1770","1770","150","0","0","2019-03-05 08:30:16","222","2019-03-05 08:30:16","2019-03-05 08:30:16");
INSERT INTO purchase_details VALUES("25","3","25","13.6","25.4","25.4","1770","1770","150","1","13.6","2019-01-27 00:00:00","222","2019-03-05 08:30:16","2019-03-05 08:30:16");
INSERT INTO purchase_details VALUES("26","3","26","13.6","25.5","25.5","1785","1785","150","1","13.6","2019-01-26 00:00:00","222","2019-03-05 08:30:16","2019-03-05 08:30:16");
INSERT INTO purchase_details VALUES("27","3","27","13.7","25.5","25.5","1770","1770","150","1","13.7","2019-01-27 00:00:00","222","2019-03-05 08:30:16","2019-03-05 08:30:16");
INSERT INTO purchase_details VALUES("28","3","28","13.5","25.3","25.3","1770","1770","150","0","0","2019-03-05 08:30:16","222","2019-03-05 08:30:16","2019-03-05 08:30:16");
INSERT INTO purchase_details VALUES("29","3","29","13.4","25.2","25.2","1770","1770","150","1","13.4","2019-01-26 00:00:00","222","2019-03-05 08:30:16","2019-03-05 08:30:16");
INSERT INTO purchase_details VALUES("30","3","30","13.5","25.3","25.3","1770","1770","150","0","0","2019-03-05 08:30:16","222","2019-03-05 08:30:16","2019-03-05 08:30:16");
INSERT INTO purchase_details VALUES("31","3","31","13.6","25.4","25.4","1770","1770","150","1","13.6","2019-01-27 00:00:00","222","2019-03-05 08:30:16","2019-03-05 08:30:16");
INSERT INTO purchase_details VALUES("32","3","32","13.4","25.2","25.2","1770","1770","150","1","13.4","2019-01-27 00:00:00","222","2019-03-05 08:30:16","2019-03-05 08:30:16");
INSERT INTO purchase_details VALUES("33","3","33","13.6","25.4","25.4","1770","1770","150","0","0","2019-03-05 08:30:16","222","2019-03-05 08:30:16","2019-03-05 08:30:16");
INSERT INTO purchase_details VALUES("34","3","34","13.6","25.4","25.4","1770","1770","150","1","13.6","2019-01-26 00:00:00","222","2019-03-05 08:30:16","2019-03-05 08:30:16");
INSERT INTO purchase_details VALUES("35","3","35","13.5","25.5","25.5","1800","1800","150","0","0","2019-03-05 08:30:16","222","2019-03-05 08:30:16","2019-03-05 08:30:16");
INSERT INTO purchase_details VALUES("36","3","36","13.6","25.4","25.4","1770","1770","150","0","0","2019-03-05 08:30:16","222","2019-03-05 08:30:16","2019-03-05 08:30:16");
INSERT INTO purchase_details VALUES("37","3","37","13.5","25.3","25.3","1770","1770","150","1","13.5","2019-01-27 00:00:00","222","2019-03-05 08:30:16","2019-03-05 08:30:16");
INSERT INTO purchase_details VALUES("38","3","38","13.5","25.3","25.3","1770","1770","150","1","13.5","2019-01-27 00:00:00","222","2019-03-05 08:30:16","2019-03-05 08:30:16");
INSERT INTO purchase_details VALUES("39","3","39","13.5","25.3","25.3","1770","1770","150","0","0","2019-03-05 08:30:16","222","2019-03-05 08:30:16","2019-03-05 08:30:16");
INSERT INTO purchase_details VALUES("40","3","40","13.5","25.3","25.3","1770","1770","150","0","0","2019-03-05 08:30:16","222","2019-03-05 08:30:16","2019-03-05 08:30:16");
INSERT INTO purchase_details VALUES("41","3","41","13.6","25.5","25.5","1785","1785","150","1","13.6","2019-01-27 00:00:00","222","2019-03-05 08:30:16","2019-03-05 08:30:16");
INSERT INTO purchase_details VALUES("42","3","42","40.9","86.3","86.3","6810","6810","150","0","0","2019-03-05 08:30:16","222","2019-03-05 08:30:16","2019-03-05 08:30:16");
INSERT INTO purchase_details VALUES("43","3","43","40.8","86.2","86.2","6810","6810","150","0","0","2019-03-05 08:30:16","222","2019-03-05 08:30:16","2019-03-05 08:30:16");
INSERT INTO purchase_details VALUES("44","3","44","41","86.4","86.4","6810","6810","150","0","0","2019-03-05 08:30:16","222","2019-03-05 08:30:16","2019-03-05 08:30:16");
INSERT INTO purchase_details VALUES("45","3","45","41.1","86.5","86.5","6810","6810","150","0","0","2019-03-05 08:30:16","222","2019-03-05 08:30:16","2019-03-05 08:30:16");
INSERT INTO purchase_details VALUES("46","3","46","41","86.4","86.4","6810","6810","150","0","0","2019-03-05 08:30:16","222","2019-03-05 08:30:16","2019-03-05 08:30:16");
INSERT INTO purchase_details VALUES("47","3","47","41","86.4","86.4","6810","6810","150","0","0","2019-03-05 08:30:16","222","2019-03-05 08:30:16","2019-03-05 08:30:16");
INSERT INTO purchase_details VALUES("48","3","48","41.3","86.7","86.7","6810","6810","150","1","41.3","2019-01-27 00:00:00","222","2019-03-05 08:30:16","2019-03-05 08:30:16");
INSERT INTO purchase_details VALUES("49","3","49","40.7","86.1","86.1","6810","6810","150","0","0","2019-03-05 08:30:16","222","2019-03-05 08:30:16","2019-03-05 08:30:16");
INSERT INTO purchase_details VALUES("50","3","50","41","86.4","86.4","6810","6810","150","0","0","2019-03-05 08:30:16","222","2019-03-05 08:30:16","2019-03-05 08:30:16");
INSERT INTO purchase_details VALUES("51","3","51","41","86.4","86.4","6810","6810","150","0","0","2019-03-05 08:30:16","222","2019-03-05 08:30:16","2019-03-05 08:30:16");
INSERT INTO purchase_details VALUES("52","3","52","40.9","86.3","86.3","6810","6810","150","0","0","2019-03-05 08:30:16","222","2019-03-05 08:30:16","2019-03-05 08:30:16");
INSERT INTO purchase_details VALUES("53","3","53","41.2","86.6","86.6","6810","6810","150","1","41.2","2019-01-27 00:00:00","222","2019-03-05 08:30:16","2019-03-05 08:30:16");
INSERT INTO purchase_details VALUES("54","3","54","41.1","86.5","86.5","6810","6810","150","1","41.1","2019-01-27 00:00:00","222","2019-03-05 08:30:16","2019-03-05 08:30:16");
INSERT INTO purchase_details VALUES("55","3","55","40.8","86.2","86.2","6810","6810","150","0","0","2019-03-05 08:30:16","222","2019-03-05 08:30:16","2019-03-05 08:30:16");
INSERT INTO purchase_details VALUES("56","3","56","41.1","86.5","86.5","6810","6810","150","1","41.1","2019-01-27 00:00:00","222","2019-03-05 08:30:16","2019-03-05 08:30:16");
INSERT INTO purchase_details VALUES("57","3","57","8.45","14.45","14.45","900","900","150","0","0","2019-03-05 08:30:16","222","2019-03-05 08:30:16","2019-03-05 08:30:16");
INSERT INTO purchase_details VALUES("58","3","59","8.36","14.4","14.4","906","906","150","0","0","2019-03-05 08:30:16","222","2019-03-05 08:30:16","2019-03-05 08:30:16");
INSERT INTO purchase_details VALUES("59","3","58","8.4","14.4","14.4","900","900","150","0","0","2019-03-05 08:30:16","222","2019-03-05 08:30:16","2019-03-05 08:30:16");
INSERT INTO purchase_details VALUES("60","3","60","8.34","14.3","14.3","894","894","150","0","0","2019-03-05 08:30:16","222","2019-03-05 08:30:16","2019-03-05 08:30:16");
INSERT INTO purchase_details VALUES("61","3","61","8.44","14.4","14.4","894","894","150","0","0","2019-03-05 08:30:16","222","2019-03-05 08:30:16","2019-03-05 08:30:16");
INSERT INTO purchase_details VALUES("62","3","62","8.26","14.3","14.3","906","906","150","0","0","2019-03-05 08:30:16","222","2019-03-05 08:30:16","2019-03-05 08:30:16");
INSERT INTO purchase_details VALUES("63","3","63","8.44","14.45","14.45","901.5","901.5","150","0","0","2019-03-05 08:30:16","222","2019-03-05 08:30:16","2019-03-05 08:30:16");
INSERT INTO purchase_details VALUES("64","3","64","8.38","14.3","14.3","888","888","150","0","0","2019-03-05 08:30:16","222","2019-03-05 08:30:16","2019-03-05 08:30:16");
INSERT INTO purchase_details VALUES("65","3","65","8.44","14.4","14.4","894","894","150","0","0","2019-03-05 08:30:16","222","2019-03-05 08:30:16","2019-03-05 08:30:16");
INSERT INTO purchase_details VALUES("66","3","66","8.26","14.4","14.4","921","921","150","0","0","2019-03-05 08:30:16","222","2019-03-05 08:30:16","2019-03-05 08:30:16");
INSERT INTO purchase_details VALUES("67","3","67","8.36","14.4","14.4","906","906","150","0","0","2019-03-05 08:30:16","222","2019-03-05 08:30:16","2019-03-05 08:30:16");
INSERT INTO purchase_details VALUES("68","3","68","8.18","14.1","14.1","888","888","150","0","0","2019-03-05 08:30:16","222","2019-03-05 08:30:16","2019-03-05 08:30:16");
INSERT INTO purchase_details VALUES("69","3","69","8.38","14.4","14.4","903","903","150","0","0","2019-03-05 08:30:16","222","2019-03-05 08:30:16","2019-03-05 08:30:16");
INSERT INTO purchase_details VALUES("70","3","70","8.3","14.3","14.3","900","900","150","0","0","2019-03-05 08:30:16","222","2019-03-05 08:30:16","2019-03-05 08:30:16");
INSERT INTO purchase_details VALUES("71","3","71","8.22","14.2","14.2","897","897","150","0","0","2019-03-05 08:30:16","222","2019-03-05 08:30:16","2019-03-05 08:30:16");
INSERT INTO purchase_details VALUES("72","3","72","8.16","14.1","14.1","891","891","150","0","0","2019-03-05 08:30:16","222","2019-03-05 08:30:16","2019-03-05 08:30:16");
INSERT INTO purchase_details VALUES("73","3","73","8.22","14.2","14.2","897","897","150","0","0","2019-03-05 08:30:16","222","2019-03-05 08:30:16","2019-03-05 08:30:16");
INSERT INTO purchase_details VALUES("74","3","74","8.48","14.5","14.5","903","903","150","0","0","2019-03-05 08:30:16","222","2019-03-05 08:30:16","2019-03-05 08:30:16");
INSERT INTO purchase_details VALUES("75","3","75","8.38","14.3","14.3","888","888","150","1","8.38","2019-01-26 00:00:00","222","2019-03-05 08:30:16","2019-03-05 08:30:16");
INSERT INTO purchase_details VALUES("76","3","76","8.36","14.4","14.4","906","906","150","0","0","2019-03-05 08:30:16","222","2019-03-05 08:30:16","2019-03-05 08:30:16");
INSERT INTO purchase_details VALUES("77","3","77","13.4","25.2","25.2","1770","1770","150","0","0","2019-03-05 08:30:16","222","2019-03-05 08:30:16","2019-03-05 08:30:16");
INSERT INTO purchase_details VALUES("78","4","10","13.5","13.5","13.5","0","0","118.64","1","13.5","2019-01-27 00:00:00","222","2019-01-26 00:00:00","2019-01-26 00:00:00");
INSERT INTO purchase_details VALUES("79","4","20","13.5","13.5","13.5","0","0","118.64","1","13.5","2019-01-27 00:00:00","222","2019-01-26 00:00:00","2019-01-26 00:00:00");
INSERT INTO purchase_details VALUES("80","4","26","13.6","13.6","13.6","0","0","118.64","1","13.6","2019-01-27 00:00:00","222","2019-01-26 00:00:00","2019-01-26 00:00:00");
INSERT INTO purchase_details VALUES("81","4","29","13.4","13.4","13.4","0","0","118.64","1","13.4","2019-01-27 00:00:00","222","2019-01-26 00:00:00","2019-01-26 00:00:00");
INSERT INTO purchase_details VALUES("82","4","34","13.6","13.6","13.6","0","0","118.64","1","13.6","2019-01-27 00:00:00","222","2019-01-26 00:00:00","2019-01-26 00:00:00");
INSERT INTO purchase_details VALUES("83","4","75","8.38","8.38","8.38","0","0","118.64","1","8.38","2019-01-27 00:00:00","222","2019-01-26 00:00:00","2019-01-26 00:00:00");
INSERT INTO purchase_details VALUES("84","4","78","13.4","25.2","25.2","1399.95","1399.95","118.64","0","0","2019-01-26 00:00:00","222","2019-01-26 00:00:00","2019-01-26 00:00:00");
INSERT INTO purchase_details VALUES("85","4","79","13.6","25.4","25.4","1399.95","1399.95","118.64","0","0","2019-01-26 00:00:00","222","2019-01-26 00:00:00","2019-01-26 00:00:00");
INSERT INTO purchase_details VALUES("86","4","80","13.6","25.35","25.35","1394.02","1394.02","118.64","0","0","2019-01-26 00:00:00","222","2019-01-26 00:00:00","2019-01-26 00:00:00");
INSERT INTO purchase_details VALUES("87","4","81","13.5","25.25","25.25","1394.02","1394.02","118.64","0","0","2019-01-26 00:00:00","222","2019-01-26 00:00:00","2019-01-26 00:00:00");
INSERT INTO purchase_details VALUES("88","4","82","13.5","25.35","25.35","1405.88","1405.88","118.64","0","0","2019-01-26 00:00:00","222","2019-01-26 00:00:00","2019-01-26 00:00:00");
INSERT INTO purchase_details VALUES("89","4","83","13.7","25.5","25.5","1399.95","1399.95","118.64","0","0","2019-01-26 00:00:00","222","2019-01-26 00:00:00","2019-01-26 00:00:00");
INSERT INTO purchase_details VALUES("90","4","84","13.6","25.4","25.4","1399.95","1399.95","118.64","0","0","2019-01-26 00:00:00","222","2019-01-26 00:00:00","2019-01-26 00:00:00");
INSERT INTO purchase_details VALUES("91","4","85","13.5","25.3","25.3","1399.95","1399.95","118.64","0","0","2019-01-26 00:00:00","222","2019-01-26 00:00:00","2019-01-26 00:00:00");
INSERT INTO purchase_details VALUES("92","4","86","13.7","25.3","25.3","1376.22","1376.22","118.64","0","0","2019-01-26 00:00:00","222","2019-01-26 00:00:00","2019-01-26 00:00:00");
INSERT INTO purchase_details VALUES("93","4","87","13.6","28.38","28.38","1753.5","1753.5","118.64","0","0","2019-01-26 00:00:00","222","2019-01-26 00:00:00","2019-01-26 00:00:00");
INSERT INTO purchase_details VALUES("94","4","88","13.7","25.5","25.5","1399.95","1399.95","118.64","0","0","2019-01-26 00:00:00","222","2019-01-26 00:00:00","2019-01-26 00:00:00");
INSERT INTO purchase_details VALUES("95","4","89","13.6","25.4","25.4","1399.95","1399.95","118.64","0","0","2019-01-26 00:00:00","222","2019-01-26 00:00:00","2019-01-26 00:00:00");
INSERT INTO purchase_details VALUES("96","4","90","13.6","25.4","25.4","1399.95","1399.95","118.64","0","0","2019-01-26 00:00:00","222","2019-01-26 00:00:00","2019-01-26 00:00:00");
INSERT INTO purchase_details VALUES("97","4","91","13.5","25.4","25.4","1411.82","1411.82","118.64","0","0","2019-01-26 00:00:00","222","2019-01-26 00:00:00","2019-01-26 00:00:00");
INSERT INTO purchase_details VALUES("98","4","92","13.6","25.4","25.4","1399.95","1399.95","118.64","0","0","2019-01-26 00:00:00","222","2019-01-26 00:00:00","2019-01-26 00:00:00");
INSERT INTO purchase_details VALUES("99","4","93","13.6","25.35","25.35","1394.02","1394.02","118.64","0","0","2019-01-26 00:00:00","222","2019-01-26 00:00:00","2019-01-26 00:00:00");
INSERT INTO purchase_details VALUES("100","4","94","13.6","25.45","25.45","1405.88","1405.88","118.64","0","0","2019-01-26 00:00:00","222","2019-01-26 00:00:00","2019-01-26 00:00:00");
INSERT INTO purchase_details VALUES("101","4","95","13.6","25.4","25.4","1399.95","1399.95","118.64","0","0","2019-01-26 00:00:00","222","2019-01-26 00:00:00","2019-01-26 00:00:00");
INSERT INTO purchase_details VALUES("102","4","96","13.6","25.4","25.4","1399.95","1399.95","118.64","1","13.6","2019-01-27 00:00:00","222","2019-01-26 00:00:00","2019-01-26 00:00:00");
INSERT INTO purchase_details VALUES("103","4","97","13.5","25.3","25.3","1399.95","1399.95","118.64","0","0","2019-01-26 00:00:00","222","2019-01-26 00:00:00","2019-01-26 00:00:00");



DROP TABLE IF EXISTS purchases;

CREATE TABLE `purchases` (
  `ID` int(11) NOT NULL AUTO_INCREMENT,
  `ShopID` int(11) NOT NULL,
  `GasRate` float NOT NULL,
  `Total` float NOT NULL,
  `Paid` float NOT NULL,
  `Balance` float NOT NULL,
  `Unpaid` float NOT NULL,
  `RefNum` text NOT NULL,
  `Note` text NOT NULL,
  `PerformedBy` int(11) NOT NULL,
  `DateAdded` datetime NOT NULL,
  `DateModified` datetime NOT NULL,
  PRIMARY KEY (`ID`)
) ENGINE=InnoDB AUTO_INCREMENT=5 DEFAULT CHARSET=latin1;

INSERT INTO purchases VALUES("3","222","150","191008","0","0","191008","HM1H3HNOT","25--01-2019","222","2019-03-05 08:30:16","2019-03-05 08:30:16");
INSERT INTO purchases VALUES("4","222","118.64","28320","0","0","28320","LGI345KAE","25-01-19","222","2019-01-26 00:00:00","2019-01-26 00:00:00");



DROP TABLE IF EXISTS roles;

CREATE TABLE `roles` (
  `ID` int(11) NOT NULL AUTO_INCREMENT,
  `Name` text NOT NULL,
  `Description` text NOT NULL,
  `PerformedBy` int(11) NOT NULL,
  `DateAdded` datetime NOT NULL,
  `DateModified` datetime NOT NULL,
  PRIMARY KEY (`ID`)
) ENGINE=InnoDB AUTO_INCREMENT=8 DEFAULT CHARSET=latin1;

INSERT INTO roles VALUES("1","Admin","","0","0000-00-00 00:00:00","0000-00-00 00:00:00");
INSERT INTO roles VALUES("2","Driver","","0","0000-00-00 00:00:00","0000-00-00 00:00:00");
INSERT INTO roles VALUES("3","Shop","","0","0000-00-00 00:00:00","0000-00-00 00:00:00");
INSERT INTO roles VALUES("4","Customer","","0","0000-00-00 00:00:00","0000-00-00 00:00:00");
INSERT INTO roles VALUES("5","Sales","","0","0000-00-00 00:00:00","0000-00-00 00:00:00");
INSERT INTO roles VALUES("6","Plant","","0","0000-00-00 00:00:00","0000-00-00 00:00:00");
INSERT INTO roles VALUES("7","User","","0","0000-00-00 00:00:00","0000-00-00 00:00:00");



DROP TABLE IF EXISTS sale_details;

CREATE TABLE `sale_details` (
  `ID` int(11) NOT NULL AUTO_INCREMENT,
  `SaleID` int(11) NOT NULL,
  `CylinderID` int(11) NOT NULL,
  `TierWeight` float NOT NULL,
  `TotalWeight` float NOT NULL,
  `Price` float NOT NULL,
  `GasRate` float NOT NULL,
  `ReturnStatus` int(11) NOT NULL,
  `ReturnWeight` float NOT NULL,
  `ReturnDate` datetime NOT NULL,
  `PerformedBy` int(11) NOT NULL,
  `DateAdded` datetime NOT NULL,
  `DateModified` datetime NOT NULL,
  PRIMARY KEY (`ID`)
) ENGINE=InnoDB AUTO_INCREMENT=59 DEFAULT CHARSET=latin1;

INSERT INTO sale_details VALUES("3","3","29","13.4","25.2","1770","150","1","13","2019-01-26 00:00:00","222","2019-03-06 00:00:00","2019-03-06 00:00:00");
INSERT INTO sale_details VALUES("4","4","75","8.38","14.3","888","150","1","8","2019-01-26 00:00:00","222","2019-03-06 00:00:00","2019-03-06 00:00:00");
INSERT INTO sale_details VALUES("5","5","34","13.6","25.4","1400","118.644","1","13","2019-01-26 00:00:00","222","2019-03-06 00:00:00","2019-03-06 00:00:00");
INSERT INTO sale_details VALUES("6","5","20","13.5","25.3","1400","118.644","1","13","2019-01-26 00:00:00","222","2019-03-06 00:00:00","2019-03-06 00:00:00");
INSERT INTO sale_details VALUES("7","6","26","13.6","25.5","1400","117.647","1","13","2019-01-26 00:00:00","222","2019-03-06 00:00:00","2019-03-06 00:00:00");
INSERT INTO sale_details VALUES("8","7","10","13.5","25.3","1400","118.644","1","13","2019-01-26 00:00:00","222","2019-03-06 00:00:00","2019-03-06 00:00:00");
INSERT INTO sale_details VALUES("9","8","27","13.7","25.5","1400","118.644","1","13","2019-01-26 00:00:00","222","2019-03-06 00:00:00","2019-03-06 00:00:00");
INSERT INTO sale_details VALUES("10","9","13","13.6","25.4","1400","118.644","1","13","2019-01-26 00:00:00","222","2019-03-06 00:00:00","2019-03-06 00:00:00");
INSERT INTO sale_details VALUES("11","9","38","13.5","25.3","1400","118.644","1","13","2019-01-26 00:00:00","222","2019-03-06 00:00:00","2019-03-06 00:00:00");
INSERT INTO sale_details VALUES("12","9","3","13.6","25.4","1400","118.644","1","13","2019-01-26 00:00:00","222","2019-03-06 00:00:00","2019-03-06 00:00:00");
INSERT INTO sale_details VALUES("13","10","25","13.6","25.4","1400","118.644","1","13","2019-01-26 00:00:00","222","2019-03-06 00:00:00","2019-03-06 00:00:00");
INSERT INTO sale_details VALUES("14","11","4","13.6","25.4","1400","118.644","1","13","2019-01-26 00:00:00","222","2019-03-06 00:00:00","2019-03-06 00:00:00");
INSERT INTO sale_details VALUES("15","12","31","13.6","25.4","1400","118.644","1","13","2019-01-26 00:00:00","222","2019-03-06 00:00:00","2019-03-06 00:00:00");
INSERT INTO sale_details VALUES("16","13","56","41.1","86.5","5400","118.943","1","41","2019-01-26 00:00:00","222","2019-03-06 00:00:00","2019-03-06 00:00:00");
INSERT INTO sale_details VALUES("17","14","15","13.6","25.4","1400","118.644","1","13","2019-01-26 00:00:00","222","2019-03-06 00:00:00","2019-03-06 00:00:00");
INSERT INTO sale_details VALUES("18","15","16","13.6","25.4","1400","118.644","1","13","2019-01-26 00:00:00","222","2019-03-06 00:00:00","2019-03-06 00:00:00");
INSERT INTO sale_details VALUES("19","16","18","13.6","25.4","1400","118.644","1","13","2019-01-26 00:00:00","222","2019-01-26 00:00:00","2019-01-26 00:00:00");
INSERT INTO sale_details VALUES("20","16","12","13.6","25.4","1400","118.644","1","13","2019-01-26 00:00:00","222","2019-01-26 00:00:00","2019-01-26 00:00:00");
INSERT INTO sale_details VALUES("21","17","53","41.2","86.6","5400","118.943","1","41","2019-01-26 00:00:00","222","2019-01-26 00:00:00","2019-01-26 00:00:00");
INSERT INTO sale_details VALUES("22","17","54","41.1","86.5","5400","118.943","1","41","2019-01-26 00:00:00","222","2019-01-26 00:00:00","2019-01-26 00:00:00");
INSERT INTO sale_details VALUES("23","18","41","13.6","25.5","1400","117.647","1","13","2019-01-26 00:00:00","222","2019-01-26 00:00:00","2019-01-26 00:00:00");
INSERT INTO sale_details VALUES("24","19","32","13.4","25.2","1400","118.644","1","13","2019-01-26 00:00:00","222","2019-01-26 00:00:00","2019-01-26 00:00:00");
INSERT INTO sale_details VALUES("25","20","22","13.8","25.7","1400","117.647","1","13","2019-01-26 00:00:00","222","2019-01-26 00:00:00","2019-01-26 00:00:00");
INSERT INTO sale_details VALUES("26","21","37","13.5","25.3","1400","118.644","1","13","2019-01-26 00:00:00","222","2019-01-26 00:00:00","2019-01-26 00:00:00");
INSERT INTO sale_details VALUES("27","22","23","13.4","25.2","1400","118.644","1","13","2019-01-26 00:00:00","222","2019-01-26 00:00:00","2019-01-26 00:00:00");
INSERT INTO sale_details VALUES("28","22","48","41.3","86.7","5400","118.943","1","41","2019-01-26 00:00:00","222","2019-01-26 00:00:00","2019-01-26 00:00:00");
INSERT INTO sale_details VALUES("29","23","96","13.6","25.4","1400.07","118.65","0","0","1970-01-01 00:00:00","222","2019-01-27 00:00:00","2019-01-27 00:00:00");
INSERT INTO sale_details VALUES("30","24","96","13.6","25.4","1400.07","118.65","1","13","2019-01-27 00:00:00","222","2019-01-27 00:00:00","2019-01-27 00:00:00");
INSERT INTO sale_details VALUES("31","25","36","13.6","25.4","1400.07","118.65","0","0","1970-01-01 00:00:00","222","2019-01-27 00:00:00","2019-01-27 00:00:00");
INSERT INTO sale_details VALUES("32","26","11","13.5","25.3","1400.07","118.65","0","0","1970-01-01 00:00:00","222","2019-01-27 00:00:00","2019-01-27 00:00:00");
INSERT INTO sale_details VALUES("33","26","33","13.6","25.4","1400.07","118.65","0","0","1970-01-01 00:00:00","222","2019-01-27 00:00:00","2019-01-27 00:00:00");
INSERT INTO sale_details VALUES("34","26","35","13.5","25.5","1423.8","118.65","0","0","1970-01-01 00:00:00","222","2019-01-27 00:00:00","2019-01-27 00:00:00");
INSERT INTO sale_details VALUES("35","27","81","13.5","25.25","1400","119.149","1","14","2019-01-27 00:00:00","222","2019-01-27 00:00:00","2019-01-27 00:00:00");
INSERT INTO sale_details VALUES("36","27","82","13.5","25.35","1400","118.143","1","13","2019-01-27 00:00:00","222","2019-01-27 00:00:00","2019-01-27 00:00:00");
INSERT INTO sale_details VALUES("37","28","89","13.6","25.4","1400","118.644","0","0","1970-01-01 00:00:00","222","2019-01-27 00:00:00","2019-01-27 00:00:00");
INSERT INTO sale_details VALUES("38","29","85","13.5","25.3","1400","118.644","0","0","1970-01-01 00:00:00","222","2019-01-27 00:00:00","2019-01-27 00:00:00");
INSERT INTO sale_details VALUES("39","30","28","13.5","25.3","1400","118.644","1","13","2019-01-27 00:00:00","222","2019-01-27 00:00:00","2019-01-27 00:00:00");
INSERT INTO sale_details VALUES("40","30","14","13.6","25.4","1400","118.644","1","13","2019-01-27 00:00:00","222","2019-01-27 00:00:00","2019-01-27 00:00:00");
INSERT INTO sale_details VALUES("41","30","19","13.6","25.4","1400","118.644","0","0","1970-01-01 00:00:00","222","2019-01-27 00:00:00","2019-01-27 00:00:00");
INSERT INTO sale_details VALUES("42","31","51","41","86.4","5400","118.943","0","0","1970-01-01 00:00:00","222","2019-01-27 00:00:00","2019-01-27 00:00:00");
INSERT INTO sale_details VALUES("43","32","95","13.6","25.4","1400","118.644","0","0","1970-01-01 00:00:00","222","2019-01-27 00:00:00","2019-01-27 00:00:00");
INSERT INTO sale_details VALUES("44","32","93","13.6","25.4","1400","118.644","0","0","1970-01-01 00:00:00","222","2019-01-27 00:00:00","2019-01-27 00:00:00");
INSERT INTO sale_details VALUES("45","32","92","13.6","25.4","1400","118.644","0","0","1970-01-01 00:00:00","222","2019-01-27 00:00:00","2019-01-27 00:00:00");
INSERT INTO sale_details VALUES("46","32","86","13.7","25.3","1400","120.69","0","0","1970-01-01 00:00:00","222","2019-01-27 00:00:00","2019-01-27 00:00:00");
INSERT INTO sale_details VALUES("47","32","91","13.5","25.4","1400","117.647","0","0","1970-01-01 00:00:00","222","2019-01-27 00:00:00","2019-01-27 00:00:00");
INSERT INTO sale_details VALUES("48","32","78","13.4","25.2","1400","118.644","0","0","1970-01-01 00:00:00","222","2019-01-27 00:00:00","2019-01-27 00:00:00");
INSERT INTO sale_details VALUES("49","32","80","13.6","25.35","1400","119.149","0","0","1970-01-01 00:00:00","222","2019-01-27 00:00:00","2019-01-27 00:00:00");
INSERT INTO sale_details VALUES("50","33","84","13.6","25.4","1400","118.644","0","0","1970-01-01 00:00:00","222","2019-01-27 00:00:00","2019-01-27 00:00:00");
INSERT INTO sale_details VALUES("51","33","5","13.7","25.5","1400","118.644","0","0","1970-01-01 00:00:00","222","2019-01-27 00:00:00","2019-01-27 00:00:00");
INSERT INTO sale_details VALUES("52","33","97","13.5","25.3","1400","118.644","0","0","1970-01-01 00:00:00","222","2019-01-27 00:00:00","2019-01-27 00:00:00");
INSERT INTO sale_details VALUES("53","33","90","13.6","25.4","1400","118.644","0","0","1970-01-01 00:00:00","222","2019-01-27 00:00:00","2019-01-27 00:00:00");
INSERT INTO sale_details VALUES("54","33","87","16.5","28.38","1400","117.845","0","0","1970-01-01 00:00:00","222","2019-01-27 00:00:00","2019-01-27 00:00:00");
INSERT INTO sale_details VALUES("55","33","79","13.6","25.4","1400","118.644","0","0","1970-01-01 00:00:00","222","2019-01-27 00:00:00","2019-01-27 00:00:00");
INSERT INTO sale_details VALUES("56","33","83","13.7","25.5","1400","118.644","0","0","1970-01-01 00:00:00","222","2019-01-27 00:00:00","2019-01-27 00:00:00");
INSERT INTO sale_details VALUES("57","33","94","13.6","25.45","1400","118.143","0","0","1970-01-01 00:00:00","222","2019-01-27 00:00:00","2019-01-27 00:00:00");
INSERT INTO sale_details VALUES("58","33","88","13.7","25.5","1400","118.644","0","0","1970-01-01 00:00:00","222","2019-01-27 00:00:00","2019-01-27 00:00:00");



DROP TABLE IF EXISTS sales;

CREATE TABLE `sales` (
  `ID` int(11) NOT NULL AUTO_INCREMENT,
  `ShopID` int(11) NOT NULL,
  `CustomerID` int(11) NOT NULL,
  `GasRate` float NOT NULL,
  `Total` float NOT NULL,
  `Balance` float NOT NULL,
  `Paid` float NOT NULL,
  `Unpaid` float NOT NULL,
  `Note` text NOT NULL,
  `PerformedBy` int(11) NOT NULL,
  `DateAdded` datetime NOT NULL,
  `DateModified` datetime NOT NULL,
  PRIMARY KEY (`ID`)
) ENGINE=InnoDB AUTO_INCREMENT=34 DEFAULT CHARSET=latin1;

INSERT INTO sales VALUES("3","222","223","150","1770","0","1400","370","","222","2019-03-06 00:00:00","2019-03-06 00:00:00");
INSERT INTO sales VALUES("4","222","224","150","888","0","700","188","","222","2019-03-06 00:00:00","2019-03-06 00:00:00");
INSERT INTO sales VALUES("5","222","225","118.644","2800","0","2800","0","25-01-19","222","2019-03-06 00:00:00","2019-03-06 00:00:00");
INSERT INTO sales VALUES("6","222","226","117.647","1400","0","1400","0","25-01-19","222","2019-03-06 00:00:00","2019-03-06 00:00:00");
INSERT INTO sales VALUES("7","222","227","118.644","1400","0","1400","0","25-01-19","222","2019-03-06 00:00:00","2019-03-06 00:00:00");
INSERT INTO sales VALUES("8","222","228","118.644","1400","0","1400","0","26-01-19","222","2019-03-06 00:00:00","2019-03-06 00:00:00");
INSERT INTO sales VALUES("9","222","229","118.644","4200","0","4200","0","26-01-19\r\nwe issue 3 new empty\r\nhe pay 9000","222","2019-03-06 00:00:00","2019-03-06 00:00:00");
INSERT INTO sales VALUES("10","222","230","118.644","1400","0","1400","0","26-01-19\r\nwe issue 1 new empty\r\nhe deposited 3000","222","2019-03-06 00:00:00","2019-03-06 00:00:00");
INSERT INTO sales VALUES("11","222","231","118.644","1400","0","1400","0","26-01-19","222","2019-03-06 00:00:00","2019-03-06 00:00:00");
INSERT INTO sales VALUES("12","222","283","118.644","1400","0","1400","0","26-01-19","222","2019-03-06 00:00:00","2019-03-06 00:00:00");
INSERT INTO sales VALUES("13","222","233","118.943","5400","0","5400","0","26-01-19","222","2019-03-06 00:00:00","2019-03-06 00:00:00");
INSERT INTO sales VALUES("14","222","234","118.644","1400","0","1400","0","26-01-19","222","2019-03-06 00:00:00","2019-03-06 00:00:00");
INSERT INTO sales VALUES("15","222","235","118.644","1400","0","1400","0","26-01-19","222","2019-03-06 00:00:00","2019-03-06 00:00:00");
INSERT INTO sales VALUES("16","222","225","118.644","2800","0","2800","0","26-01-19","222","2019-01-26 00:00:00","2019-01-26 00:00:00");
INSERT INTO sales VALUES("17","222","284","118.943","10800","0","10800","0","26-01-19","222","2019-01-26 00:00:00","2019-01-26 00:00:00");
INSERT INTO sales VALUES("18","222","268","117.647","1400","0","1400","0","26-01-19","222","2019-01-26 00:00:00","2019-01-26 00:00:00");
INSERT INTO sales VALUES("19","222","236","118.644","1400","0","1400","0","26-01-19","222","2019-01-26 00:00:00","2019-01-26 00:00:00");
INSERT INTO sales VALUES("20","222","286","117.647","1400","0","0","1400","26-01-19","222","2019-01-26 00:00:00","2019-01-26 00:00:00");
INSERT INTO sales VALUES("21","222","237","118.644","1400","0","1400","0","","222","2019-01-26 00:00:00","2019-01-26 00:00:00");
INSERT INTO sales VALUES("22","222","238","118.881","6800","0","6800","0","","222","2019-01-26 00:00:00","2019-01-26 00:00:00");
INSERT INTO sales VALUES("23","222","239","118.65","1400.07","0","1400","0.07","","222","2019-01-27 00:00:00","2019-01-27 00:00:00");
INSERT INTO sales VALUES("24","222","239","118.65","1400.07","0","1400","0.07","","222","2019-01-27 00:00:00","2019-01-27 00:00:00");
INSERT INTO sales VALUES("25","222","240","118.65","1400.07","0","1400","0.07","","222","2019-01-27 00:00:00","2019-01-27 00:00:00");
INSERT INTO sales VALUES("26","222","241","118.65","4223.94","0","4200","23.94","","222","2019-01-27 00:00:00","2019-01-27 00:00:00");
INSERT INTO sales VALUES("27","222","249","118.644","2800","0","2800","0","27-01-19","222","2019-01-27 00:00:00","2019-01-27 00:00:00");
INSERT INTO sales VALUES("28","222","242","118.644","1400","0","1400","0","","222","2019-01-27 00:00:00","2019-01-27 00:00:00");
INSERT INTO sales VALUES("29","222","245","118.644","1400","0","1400","0","","222","2019-01-27 00:00:00","2019-01-27 00:00:00");
INSERT INTO sales VALUES("30","222","238","118.644","4200","0","4200","0","28-01-19","222","2019-01-27 00:00:00","2019-01-27 00:00:00");
INSERT INTO sales VALUES("31","222","309","118.943","5400","0","0","5400","","222","2019-01-27 00:00:00","2019-01-27 00:00:00");
INSERT INTO sales VALUES("32","222","243","118.86","9800","0","9800","0","28-01-19","222","2019-01-27 00:00:00","2019-01-27 00:00:00");
INSERT INTO sales VALUES("33","222","244","118.499","12600","0","12600","0","28-01-19","222","2019-01-27 00:00:00","2019-01-27 00:00:00");



DROP TABLE IF EXISTS sales_amount;

CREATE TABLE `sales_amount` (
  `ID` int(11) NOT NULL AUTO_INCREMENT,
  `SaleID` int(11) NOT NULL,
  `Paid` float NOT NULL,
  `Unpaid` float NOT NULL,
  `PerformedBy` int(11) NOT NULL,
  `Note` text NOT NULL,
  `DateAdded` datetime NOT NULL,
  `DateModified` datetime NOT NULL,
  PRIMARY KEY (`ID`)
) ENGINE=InnoDB AUTO_INCREMENT=34 DEFAULT CHARSET=latin1;

INSERT INTO sales_amount VALUES("3","3","1400","370","222","","2019-03-06 00:00:00","2019-03-06 00:00:00");
INSERT INTO sales_amount VALUES("4","4","700","188","222","","2019-03-06 00:00:00","2019-03-06 00:00:00");
INSERT INTO sales_amount VALUES("5","5","2800","0","222","25-01-19","2019-03-06 00:00:00","2019-03-06 00:00:00");
INSERT INTO sales_amount VALUES("6","6","1400","0","222","25-01-19","2019-03-06 00:00:00","2019-03-06 00:00:00");
INSERT INTO sales_amount VALUES("7","7","1400","0","222","25-01-19","2019-03-06 00:00:00","2019-03-06 00:00:00");
INSERT INTO sales_amount VALUES("8","8","1400","0","222","26-01-19","2019-03-06 00:00:00","2019-03-06 00:00:00");
INSERT INTO sales_amount VALUES("9","9","4200","0","222","26-01-19\r\nwe issue 3 new empty\r\nhe pay 9000","2019-03-06 00:00:00","2019-03-06 00:00:00");
INSERT INTO sales_amount VALUES("10","10","1400","0","222","26-01-19\r\nwe issue 1 new empty\r\nhe deposited 3000","2019-03-06 00:00:00","2019-03-06 00:00:00");
INSERT INTO sales_amount VALUES("11","11","1400","0","222","26-01-19","2019-03-06 00:00:00","2019-03-06 00:00:00");
INSERT INTO sales_amount VALUES("12","12","1400","0","222","26-01-19","2019-03-06 00:00:00","2019-03-06 00:00:00");
INSERT INTO sales_amount VALUES("13","13","5400","0","222","26-01-19","2019-03-06 00:00:00","2019-03-06 00:00:00");
INSERT INTO sales_amount VALUES("14","14","1400","0","222","26-01-19","2019-03-06 00:00:00","2019-03-06 00:00:00");
INSERT INTO sales_amount VALUES("15","15","1400","0","222","26-01-19","2019-03-06 00:00:00","2019-03-06 00:00:00");
INSERT INTO sales_amount VALUES("16","16","2800","0","222","26-01-19","2019-01-26 00:00:00","2019-01-26 00:00:00");
INSERT INTO sales_amount VALUES("17","17","10800","0","222","26-01-19","2019-01-26 00:00:00","2019-01-26 00:00:00");
INSERT INTO sales_amount VALUES("18","18","1400","0","222","26-01-19","2019-01-26 00:00:00","2019-01-26 00:00:00");
INSERT INTO sales_amount VALUES("19","19","1400","0","222","26-01-19","2019-01-26 00:00:00","2019-01-26 00:00:00");
INSERT INTO sales_amount VALUES("20","20","0","1400","222","26-01-19","2019-01-26 00:00:00","2019-01-26 00:00:00");
INSERT INTO sales_amount VALUES("21","21","1400","0","222","","2019-01-26 00:00:00","2019-01-26 00:00:00");
INSERT INTO sales_amount VALUES("22","22","6800","0","222","","2019-01-26 00:00:00","2019-01-26 00:00:00");
INSERT INTO sales_amount VALUES("23","23","1400","0.07","222","","2019-01-27 00:00:00","2019-01-27 00:00:00");
INSERT INTO sales_amount VALUES("24","24","1400","0.07","222","","2019-01-27 00:00:00","2019-01-27 00:00:00");
INSERT INTO sales_amount VALUES("25","25","1400","0.07","222","","2019-01-27 00:00:00","2019-01-27 00:00:00");
INSERT INTO sales_amount VALUES("26","26","4200","23.94","222","","2019-01-27 00:00:00","2019-01-27 00:00:00");
INSERT INTO sales_amount VALUES("27","27","2800","0","222","27-01-19","2019-01-27 00:00:00","2019-01-27 00:00:00");
INSERT INTO sales_amount VALUES("28","28","1400","0","222","","2019-01-27 00:00:00","2019-01-27 00:00:00");
INSERT INTO sales_amount VALUES("29","29","1400","0","222","","2019-01-27 00:00:00","2019-01-27 00:00:00");
INSERT INTO sales_amount VALUES("30","30","4200","0","222","28-01-19","2019-01-27 00:00:00","2019-01-27 00:00:00");
INSERT INTO sales_amount VALUES("31","31","0","5400","222","","2019-01-27 00:00:00","2019-01-27 00:00:00");
INSERT INTO sales_amount VALUES("32","32","9800","0","222","28-01-19","2019-01-27 00:00:00","2019-01-27 00:00:00");
INSERT INTO sales_amount VALUES("33","33","12600","0","222","28-01-19","2019-01-27 00:00:00","2019-01-27 00:00:00");



DROP TABLE IF EXISTS users;

CREATE TABLE `users` (
  `ID` int(11) NOT NULL AUTO_INCREMENT,
  `Username` text NOT NULL,
  `Password` text NOT NULL,
  `RoleID` int(11) NOT NULL,
  `Image` text NOT NULL,
  `Name` text NOT NULL,
  `Number` text NOT NULL,
  `Email` text NOT NULL,
  `Address` text NOT NULL,
  `Balance` float NOT NULL,
  `ShopID` int(11) NOT NULL,
  `PlantID` int(11) NOT NULL,
  `CreditLimit` float NOT NULL,
  `SendSMS` int(11) NOT NULL,
  `Remarks` text NOT NULL,
  `SecurityDeposite` float NOT NULL,
  `Status` int(11) NOT NULL,
  `PerformedBy` int(11) NOT NULL,
  `DateModified` datetime NOT NULL,
  `DateAdded` datetime NOT NULL,
  PRIMARY KEY (`ID`)
) ENGINE=InnoDB AUTO_INCREMENT=310 DEFAULT CHARSET=latin1;

INSERT INTO users VALUES("1","admin","@dmin123","1","","","","","","0","0","0","0","0","","0","1","0","0000-00-00 00:00:00","0000-00-00 00:00:00");
INSERT INTO users VALUES("216","SG-Plant","123","6","","SGD Plant","03219292414","sgd@sgd.com","Hyd","0","0","0","0","1","","0","1","1","0000-00-00 00:00:00","2019-03-05 03:44:24");
INSERT INTO users VALUES("220","sg-driver1","1234","2","","Muhammad Hashim","0300","sgd@sgd.com","Driver - Hyd","0","0","216","0","0","","0","1","216","0000-00-00 00:00:00","2019-01-26 00:00:00");
INSERT INTO users VALUES("222","sg-shop","789","3","","SGD Shop-1","03123786999","sgd@sgd.com","HYD","0","0","216","0","1","","0","1","216","0000-00-00 00:00:00","2019-03-05 05:47:29");
INSERT INTO users VALUES("223","1551853358","DE61194321525433AXTKRS1551853358ZFK5","4","","MUHAMMAD MEMON","03008372243","","MARHABA CITY","0","222","216","1000","1","25-01-19","0","1","222","0000-00-00 00:00:00","2019-03-05 06:47:42");
INSERT INTO users VALUES("224","1551853813","D1PU1429564372W2S6Q4E61551853813MRA2","4","","ARBAR ALI","03153696718","","BY PASS","0","222","216","1000","1","25-1-19 sale 6 kg","0","1","222","0000-00-00 00:00:00","2019-03-05 06:48:42");
INSERT INTO users VALUES("225","1551855681","UEGX65169967L2KOI3PQ15518556815Z1V","4","","DOST ALI","03003355428","","ISRA UNIVERSITY","0","222","216","1000","1","","0","1","222","0000-00-00 00:00:00","2019-03-05 06:49:50");
INSERT INTO users VALUES("226","1551854058","GMUW1953556029GEKDCPVB1551854058N0GK","4","","ASIF GUJJAR","03060546694","","BY PASS","0","222","216","1000","1","","0","1","222","0000-00-00 00:00:00","2019-03-05 06:53:52");
INSERT INTO users VALUES("227","1551854121","T3S51749451571CGC2OP0N1551854121HJNO","4","","MUHAMMAD ZAMAN","03133102145","","MATYARI","0","222","216","1000","1","","0","1","222","0000-00-00 00:00:00","2019-03-05 06:55:02");
INSERT INTO users VALUES("228","1551854439","SVZ51454117649MCPARNC51551854439HGPO","4","","MUHAMMAD SHAFIQUE","03332706084","","HALLA NAKA","0","222","216","1000","1","","0","1","222","0000-00-00 00:00:00","2019-03-05 06:55:51");
INSERT INTO users VALUES("229","1551854673","M2I01272728571MHAOC5MF1551854673RQUZ","4","","AJEEB UR REHMAN","03023043277","","BY PASS","0","222","216","1000","1","","0","1","222","0000-00-00 00:00:00","2019-03-05 06:56:56");
INSERT INTO users VALUES("230","1551854832","QIUR2112722705C12VOEG11551854832QN5Q","4","","ZAIN UL ABIDEEN","03133449943","","ZAFFAR HOUSING SCHEME","0","222","216","1000","1","","0","1","222","0000-00-00 00:00:00","2019-03-05 06:58:11");
INSERT INTO users VALUES("231","1551854961","IBHI386979552ZJHWRPSS1551854961BESH","4","","SRI CHAND","03013849322","","QASIMABAD","0","222","216","1000","1","","0","1","222","0000-00-00 00:00:00","2019-03-05 06:59:30");
INSERT INTO users VALUES("232","1551790820","5XCU2078482041KU1I2ERT1551790820I2IR","4","","SAJJID","03111383286","","BANGLA SHAM SING","0","222","216","1000","1","","0","1","222","0000-00-00 00:00:00","2019-03-05 07:00:20");
INSERT INTO users VALUES("233","1551855325","DGSF1606711535ASEPJXLD1551855325UQ3C","4","","GULAM RABANI","03133850385","","SAIMA PLAZA","0","222","216","1000","1","","0","1","222","0000-00-00 00:00:00","2019-03-05 07:01:12");
INSERT INTO users VALUES("234","1551855496","INEM481092481CFCU2PDO15518554960I0L","4","","FIDDA HUSAIN","03122572305","","QASIMABAD","0","222","216","1000","1","","0","1","222","0000-00-00 00:00:00","2019-03-05 07:02:16");
INSERT INTO users VALUES("235","1551855578","0VQU1297548426NWOZRNE51551855578OP5G","4","","MUHAMMAD FAROOQUE","03033538953","","NEW HYDERABAD CITY","0","222","216","1000","1","","0","1","222","0000-00-00 00:00:00","2019-03-05 07:03:35");
INSERT INTO users VALUES("236","1551857330","HRR61073045770V41HXTBC1551857330H3HH","4","","SYED ULLAH","03452444469","","ISRA VILLAGE","0","222","216","1000","0","","0","1","222","0000-00-00 00:00:00","2019-03-05 07:04:34");
INSERT INTO users VALUES("237","1551858095","3Q3S1741457249BIQ2S41F1551858095GWIW","4","","GULZAR","03433205225","","KHYBER WAZIRISTAN","0","222","216","1000","0","","0","1","222","0000-00-00 00:00:00","2019-03-05 07:09:46");
INSERT INTO users VALUES("238","1551875497","OJF61010905059ORTIJKQT1551875497S1AZ","4","","HAMZA RESTURANT","03013628519","","ISRA UNIVERSITY","0.15","222","216","1000","0","","0","1","222","0000-00-00 00:00:00","2019-03-05 07:11:01");
INSERT INTO users VALUES("239","1551861852","2XXI57136524026VPHDQG15518618524JHU","4","","MUSTAQUE ABRO","03003422161","","ISRA HOSPITAL","0","222","216","1000","0","","0","1","222","0000-00-00 00:00:00","2019-03-05 07:14:35");
INSERT INTO users VALUES("240","1551865412","E3CB1152047147UJOLFXWD1551865412QTP3","4","","SAMEER COTTON FACTORY","03343225434","","ANDHERI MORI","0","222","216","1000","0","","0","1","222","0000-00-00 00:00:00","2019-03-05 07:15:38");
INSERT INTO users VALUES("241","1551869078","GJHL568346987BMTI5UVL15518690786FQH","4","","DAWOOD BILAL TRAVELS ","03454991237","","BY PASS","0","222","216","1000","0","","0","1","222","0000-00-00 00:00:00","2019-03-05 07:16:31");
INSERT INTO users VALUES("242","1551873916","MWI291541042ZGXXWO0P1551873916OWHE","4","","ROSHAN","03013343935","","ISRA UNIVERSITY AL NOOR","0","222","216","1000","0","","0","1","222","0000-00-00 00:00:00","2019-03-05 07:17:45");
INSERT INTO users VALUES("243","1551877490","6EKB11567916704NQF11NW15518774904B5E","4","","ASGHAR SHAH","03059835818","","ISRA UNIVERSITY","0","222","216","1000","0","","0","1","222","0000-00-00 00:00:00","2019-03-05 07:18:51");
INSERT INTO users VALUES("244","1551877938","A4V345647598EN6IGWLW1551877938LCAU","4","","PREMIUM OIL","03463072357","","KOTRI","0","222","216","1000","1","","0","1","222","0000-00-00 00:00:00","2019-03-05 07:19:43");
INSERT INTO users VALUES("245","1551874044","SWCV1230774070HZLPSZWL1551874044ORLC","4","","MUHAMMAD PUNNAL","03123569541","","MARHABA COLONY","0","222","216","1000","0","","0","1","222","0000-00-00 00:00:00","2019-03-05 07:20:46");
INSERT INTO users VALUES("246","1551792106","PPKS964546372HIQUUKML15517921063QZU","4","","RAJAB ALI","03013513680","","MATYARI","0","222","216","1000","1","","0","1","222","0000-00-00 00:00:00","2019-03-05 07:21:46");
INSERT INTO users VALUES("247","1551792187","XIRW1143424318FKXSWIDI15517921870LWF","4","","GENTLE MAN","03438303508","","Blue Sky BY PASS","0","222","216","1000","1","","0","1","222","0000-00-00 00:00:00","2019-01-27 00:00:00");
INSERT INTO users VALUES("248","1551792248","ZCAT1688366033BJZELUR51551792248D0F1","4","","HASNAIN RAZA","03027888207","","QASIM GHAROO","0","222","216","1000","1","","0","1","222","0000-00-00 00:00:00","2019-03-05 07:24:08");
INSERT INTO users VALUES("249","1551873841","5TZL15134895076EJF4JKE155187384120JU","4","","ZAHEER","03023003909","","ISRA UNIVERSITY","1.45","222","216","1000","0","","0","1","222","0000-00-00 00:00:00","2019-03-05 07:25:18");
INSERT INTO users VALUES("250","1551792392","3UZB817261835QF21XMVI1551792392ETR2","4","","Ali Engnr Works","03013564827","","LATEEF SHAH MORI","0","222","216","2000","0","","0","1","222","0000-00-00 00:00:00","2019-01-27 00:00:00");
INSERT INTO users VALUES("251","1551792485","0PNZ13492456344E0U3Q201551792485BHUK","4","","TAJ DAR -E- MADINA HOTEL","03003793565","","BY PASS","0","222","216","1000","1","","0","1","222","0000-00-00 00:00:00","2019-03-05 07:28:05");
INSERT INTO users VALUES("252","1551792563","RIGA12410259996XRBTZI31551792563GOR6","4","","JABIR","03043037273","","TANDO MUHAMMAD KHAN","0","222","216","1000","1","","0","1","222","0000-00-00 00:00:00","2019-03-05 07:29:23");
INSERT INTO users VALUES("253","1551792626","ERMB1908401367LWQGK6MP15517926261Q2V","4","","AHMED MAQBOOL","03333543375","","MARHABA CITY","0","222","216","1000","1","","0","1","222","0000-00-00 00:00:00","2019-03-05 07:30:26");
INSERT INTO users VALUES("254","1551793583","AGUF1803643138HIKSUAEI15517935830QOF","4","","GULAM NABBI","03063041895","","NEW HYDERABAD CITY","0","222","216","1000","1","","0","1","222","0000-00-00 00:00:00","2019-03-05 07:46:23");
INSERT INTO users VALUES("255","1551793825","3C4R1564957711FFM2M2U01551793825DNU3","4","","KHALID","03455155451","","MASOO","0","222","216","1000","1","","0","1","222","0000-00-00 00:00:00","2019-03-05 07:50:25");
INSERT INTO users VALUES("256","1551793909","XAQM21328638686GI2Z4I315517939093WQN","4","","MUHAMMAD MUBEEN","03063545932","","NEW HYDERABAD CITY","0","222","216","1000","1","","0","1","222","0000-00-00 00:00:00","2019-03-05 07:51:49");
INSERT INTO users VALUES("257","1551793986","3CA51489404226WLDIREMJ1551793986J4IP","4","","SINDH AGRO","03322886468","","BY PASS","0","222","216","1000","1","","0","1","222","0000-00-00 00:00:00","2019-03-05 07:53:06");
INSERT INTO users VALUES("258","1551794038","SXKN1485096034LWZ4ETSV1551794038ORQZ","4","","MAROOF","03123142773","","BY PASS","0","222","216","1000","1","","0","1","222","0000-00-00 00:00:00","2019-03-05 07:53:58");
INSERT INTO users VALUES("259","1551794081","JE5N42027961IOUHB6RJ15517940812HVW","4","","AMJAD ALI","03063508348","","BY PASS","0","222","216","1000","1","","0","1","222","0000-00-00 00:00:00","2019-03-05 07:54:41");
INSERT INTO users VALUES("260","1551794142","XIVC1988598947N13ICGIZ155179414264ME","4","","SHABEER AHMED","03033003097","","BY PASS","0","222","216","1000","1","","0","1","222","0000-00-00 00:00:00","2019-03-05 07:55:42");
INSERT INTO users VALUES("261","1551794211","FEAS189508634OF0MTK5P1551794211TLNV","4","","DANISH","03343171509","","MUHAMMAD BUX","0","222","216","1000","1","","0","1","222","0000-00-00 00:00:00","2019-03-05 07:56:51");
INSERT INTO users VALUES("262","1551794277","6M1S1261547582XGHSBT421551794277UZCZ","4","","ISLAMIA PAKWAN CENTER","03113085204","","KALI MORI AKEEL PLAZA","0","222","216","1000","1","","0","1","222","0000-00-00 00:00:00","2019-03-05 07:57:57");
INSERT INTO users VALUES("263","1551794327","JCPH337275115WMQM204P1551794327B3CB","4","","NOOR AHMED","03353134073","","ISRA UNIVERSITY","0","222","216","1000","1","","0","1","222","0000-00-00 00:00:00","2019-03-05 07:58:47");
INSERT INTO users VALUES("264","1551794386","EHJS233584061LS1ENVEF1551794386ZXBW","4","","MUHAMMAD USMAN ","030131522767","","DUBAI CITY","0","222","216","1000","1","","0","1","222","0000-00-00 00:00:00","2019-03-05 07:59:46");
INSERT INTO users VALUES("265","1551794482","POX01729282412SQKVVNKX1551794482S5HW","4","","BUSINESS AND GENTLE MAN","03360397857","","BY PASS","0","222","216","1000","1","","0","1","222","0000-00-00 00:00:00","2019-03-05 08:01:22");
INSERT INTO users VALUES("266","1551794536","RSRA7007732985XBWSOLR15517945365WO0","4","","MATEEULLAH","03136549699","","TANDO JAM","0","222","216","1000","1","","0","1","222","0000-00-00 00:00:00","2019-03-05 08:02:16");
INSERT INTO users VALUES("267","1551794591","NA3A973063660V4IMJBC31551794591MFHG","4","","AMEER BUX","03178951431","","ISRA VILLAGE","0","222","216","1000","1","","0","1","222","0000-00-00 00:00:00","2019-03-05 08:03:11");
INSERT INTO users VALUES("268","1551857269","GICX19454622705UAAI6VG155185726934WR","4","","THE INDUS","03452097696","","BY PASS","0","222","216","1000","0","","0","1","222","0000-00-00 00:00:00","2019-03-05 08:03:57");
INSERT INTO users VALUES("269","1551794682","UCXG2094704827DDHZQWWS1551794682AWE5","4","","SHEHZAD","03013525524","","HIGHWAY","0","222","216","1000","1","","0","1","222","0000-00-00 00:00:00","2019-03-05 08:04:42");
INSERT INTO users VALUES("270","1551794730","SLXP1715984505SQ3QS3RJ15517947306FXQ","4","","IRSHAD ALI","03028933280","","BY PASS","0","222","216","1000","1","","0","1","222","0000-00-00 00:00:00","2019-03-05 08:05:30");
INSERT INTO users VALUES("271","1551794838","QBBU533686567MMEZ25CL15517948385RPF","4","","WASEEM SHAH","03023040742","","BY PASS","0","222","216","1000","1","","0","1","222","0000-00-00 00:00:00","2019-03-05 08:07:18");
INSERT INTO users VALUES("272","1551794905","U4OG380027888SSWS1L3J1551794905QJ6P","4","","AKHTAR MUHAMMAD","03070134376","","HALLA NAKA","0","222","216","1000","1","","0","1","222","0000-00-00 00:00:00","2019-03-05 08:08:25");
INSERT INTO users VALUES("273","1551794946","U1IH1950661345FFMUE5LF1551794946GP0D","4","","RIZWAN SHOES","03003036735","","BY PASS","0","222","216","1000","1","","0","1","222","0000-00-00 00:00:00","2019-03-05 08:09:06");
INSERT INTO users VALUES("274","1551795040","OPWH434090645IA3NVWBV1551795040MUNT","4","","NASIR BHATTI","03003038185","","BY PASS","0","222","216","1000","1","","0","1","222","0000-00-00 00:00:00","2019-03-05 08:10:40");
INSERT INTO users VALUES("275","1551795110","WWBW1279167120D15W3FCJ1551795110CPGH","4","","MUHAMMAD ALI","03063253020","","MEHHAR","0","222","216","1000","1","","0","1","222","0000-00-00 00:00:00","2019-03-05 08:11:50");
INSERT INTO users VALUES("276","1551795166","OAWD233380792ORJAJ2E11551795166RKDL","4","","M. YAQOOB JISKANI","03023255194","","MARHABA CITY","0","222","216","1000","1","","0","1","222","0000-00-00 00:00:00","2019-03-05 08:12:46");
INSERT INTO users VALUES("277","1551795266","SM4U1838268486SQCOBBCC1551795266MZF1","4","","ADEEL","03332381901","","ISRA VILLAGE","0","222","216","1000","1","","0","1","222","0000-00-00 00:00:00","2019-03-05 08:14:26");
INSERT INTO users VALUES("278","1551795332","GWUL20392614600RRHI0KA1551795332J4L5","4","","ABDUL RAZZAQUE","03163391668","","BY PASS","0","222","216","1000","1","","0","1","222","0000-00-00 00:00:00","2019-03-05 08:15:32");
INSERT INTO users VALUES("279","1551795378","5MZG371945650VHKB2ZQ61551795378GDWL","4","","ABDUL HAKEEM","03003015171","","MARHABA CITY","0","222","216","1000","1","","0","1","222","0000-00-00 00:00:00","2019-03-05 08:16:18");
INSERT INTO users VALUES("280","1551795457","ET0G11677130631VUHZWZK15517954570T1J","4","","SHAHMEER","03003056056","","MATYARI","0","222","216","1000","1","","0","1","222","0000-00-00 00:00:00","2019-03-05 08:17:37");
INSERT INTO users VALUES("281","1551795718","ZPT0460375246Z0QXFQFT1551795718CQCC","4","","ALI GULL","03045644921","","HAJI UMER PALARI","0","222","216","1000","1","","0","1","222","0000-00-00 00:00:00","2019-03-05 08:21:58");
INSERT INTO users VALUES("282","1551795788","03V41994790434L5F3F04X15517957883EVK","4","","GRAND NASEEM PETROLIUM SERVICE","03349898602","","CHANDAN MORI TOTAL PUMP","0","222","216","1000","1","","0","1","222","0000-00-00 00:00:00","2019-03-05 08:23:08");
INSERT INTO users VALUES("283","1551855236","WLOB1175325599TTA3FSUM1551855236CRRZ","4","","sajjad ali","03110656965","","masoo bhurguri","0","222","216","0","1","","0","1","222","2019-03-06 00:00:00","0000-00-00 00:00:00");
INSERT INTO users VALUES("284","1551856238","FADW1204242917JMTLK6N615518562380FFW","4","","abdul jabbar","0315659885","","tando muhammad khan","0","222","216","0","0","","0","1","222","2019-01-26 00:00:00","0000-00-00 00:00:00");
INSERT INTO users VALUES("285","1551857848","MC2E69048449836RNPAZF1551857848RI32","4","","Ghulam Hussain","03154789078","","New HYD City","0","222","216","2000","0","","0","1","222","0000-00-00 00:00:00","2019-01-26 00:00:00");
INSERT INTO users VALUES("286","1551857960","DU1J1655189711TJITMG6S1551857960TGXP","4","","SHAHBAZ","03023018619","","BY PASS","0","222","216","0","0","","0","1","222","2019-01-26 00:00:00","0000-00-00 00:00:00");
INSERT INTO users VALUES("287","1551858072","AIAP420391176GUM5C1DC1551858072V0JJ","4","","Niaz Hussain","03003452020","","Marhaba City","0","222","216","2000","0","","0","1","222","0000-00-00 00:00:00","2019-01-26 00:00:00");
INSERT INTO users VALUES("288","1551858153","WANG162009575SH2WKH441551858153GEV4","4","","Riaz Hussain","03068260972","","Marhaba City","0","222","216","2000","0","","0","1","222","0000-00-00 00:00:00","2019-01-26 00:00:00");
INSERT INTO users VALUES("289","1551858258","MAH52027528405FHI2JRCD1551858258D5CL","4","","Dr Aslam Memon","03353044480","","Youth Hostel Jamshoro","0","222","216","2000","0","","0","1","222","0000-00-00 00:00:00","2019-01-26 00:00:00");
INSERT INTO users VALUES("290","1551858854","ENIW477575830DB0NQQR41551858854RRNX","4","","Haider","03317139559","","Moro","0","222","216","2000","0","","0","1","222","0000-00-00 00:00:00","2019-01-26 00:00:00");
INSERT INTO users VALUES("291","1551858921","0KMB1204659165IW4QNU421551858921MV6I","4","","Dr  Habib","03003067530","","Iqra Village","0","222","216","2000","0","","0","1","222","0000-00-00 00:00:00","2019-01-26 00:00:00");
INSERT INTO users VALUES("292","1551859035","LHJW462875592R5NSMT2I1551859035COMA","4","","Umair","03112054003","","Barhum House","0","222","216","2000","0","","0","1","222","0000-00-00 00:00:00","2019-01-26 00:00:00");
INSERT INTO users VALUES("293","1551859166","D1T3553596240DJW5TXRP1551859166JRHI","4","","Ayoub","03023013800","","By Pass","0","222","216","2000","0","","0","1","222","0000-00-00 00:00:00","2019-01-26 00:00:00");
INSERT INTO users VALUES("294","1551859291","RFJ51476060328FLJQLZ0O1551859291N6KJ","4","","Shoaib ","03443313520","","Zaffar Housing Scheme","0","222","216","2000","0","","0","1","222","0000-00-00 00:00:00","2019-01-26 00:00:00");
INSERT INTO users VALUES("295","1551859504","RJ5Z694205229M5X32KLN1551859504IXZC","4","","Sajid","03111383786","","Bangla Sham Sing","0","222","216","2000","0","","0","1","222","0000-00-00 00:00:00","2019-01-26 00:00:00");
INSERT INTO users VALUES("296","1551860196","03321592940824DKKAFO3H1551860196J0ER","4","","Khyber Pump","03003421976","","By Pass","0","222","216","2000","0","","0","1","222","0000-00-00 00:00:00","2019-01-26 00:00:00");
INSERT INTO users VALUES("297","1551860311","J4HR1597258290DWA4546C1551860311VCI5","4","","Shehroz","03450384606","","Zaffar Housing scheme","0","222","216","2000","0","","0","1","222","0000-00-00 00:00:00","2019-01-26 00:00:00");
INSERT INTO users VALUES("298","1551860392","02SS1448172232ESZF1N3W15518603924XKQ","4","","M. Farooque","03033538952","","Haji Hashim Goth","0","222","216","2000","0","","0","1","222","0000-00-00 00:00:00","2019-01-26 00:00:00");
INSERT INTO users VALUES("299","1551860523","E5FE479302219PIXRCUOW15518605236EJJ","4","","M. Arif","03003008145","","Marhaba City","0","222","216","2000","0","","0","1","222","0000-00-00 00:00:00","2019-01-26 00:00:00");
INSERT INTO users VALUES("300","1551860610","W6UJ12967469662TJWHH261551860610EKXK","4","","Dubai City","03163697031","","By Pass","0","222","216","2000","0","","0","1","222","0000-00-00 00:00:00","2019-01-26 00:00:00");
INSERT INTO users VALUES("301","1551860912","W4OW2046923028KROMUXW515518609120OZ4","4","","Rab Nawaz","03083073340","","By Pass","0","222","216","2000","0","","0","1","222","0000-00-00 00:00:00","2019-01-27 00:00:00");
INSERT INTO users VALUES("302","1551861873","V3R6437569169DPPQPKGH1551861873E1KR","4","","SHO M.Korai","03013475199","","Marhaba By Pass","0","222","216","2000","0","","0","1","222","0000-00-00 00:00:00","2019-01-27 00:00:00");
INSERT INTO users VALUES("303","1551861954","FDE11186656851D45BROKW15518619542PI4","4","","Abdul Razzaque","03023082130","","Isra Sindh Bhitai","0","222","216","2000","0","","0","1","222","0000-00-00 00:00:00","2019-01-27 00:00:00");
INSERT INTO users VALUES("304","1551862052","XN131414128287IF3GFFGB1551862052PHIK","4","","Faisal","0301","","Hala Naka","0","222","216","2000","0","","0","1","222","0000-00-00 00:00:00","2019-01-27 00:00:00");
INSERT INTO users VALUES("305","1551862453","RMTQ1008281020T6A4RZ1U1551862453SBCJ","4","","Nawaz","03063085670","","By Pass","0","222","216","2000","0","","0","1","222","0000-00-00 00:00:00","2019-01-27 00:00:00");
INSERT INTO users VALUES("306","1551862600","TA1T1578127907DNDPOI2A1551862600K25C","4","","Waqar","03173236598","","Goth","0","222","216","2000","0","","0","1","222","0000-00-00 00:00:00","2019-01-27 00:00:00");
INSERT INTO users VALUES("307","1551862717","WMJW133285647NKMOD0O51551862717H20P","4","","Muhammad  Ali","03423734404","","By Pass","0","222","216","2000","0","","0","1","222","0000-00-00 00:00:00","2019-01-27 00:00:00");
INSERT INTO users VALUES("308","1551862854","J22U52440855755TZST2M1551862854B1VH","4","","Afaque Ahmed","03453637178","","Hyd City","0","222","216","2000","0","","0","1","222","0000-00-00 00:00:00","2019-01-27 00:00:00");
INSERT INTO users VALUES("309","1551877158","UMMD1886415600X614XLFZ1551877158HI25","4","","TASAWOOR GULL","03003090652","","BY PASS","0","222","216","0","0","","0","1","222","2019-01-27 00:00:00","0000-00-00 00:00:00");



DROP TABLE IF EXISTS vehicles;

CREATE TABLE `vehicles` (
  `ID` int(11) NOT NULL AUTO_INCREMENT,
  `Name` text COLLATE utf8_unicode_ci NOT NULL,
  `RegistrationNo` text COLLATE utf8_unicode_ci NOT NULL,
  `Details` text COLLATE utf8_unicode_ci NOT NULL,
  `PlantID` int(11) NOT NULL,
  `PerformedBy` int(11) NOT NULL,
  `DateAdded` datetime NOT NULL,
  `DateModified` datetime NOT NULL,
  PRIMARY KEY (`ID`)
) ENGINE=MyISAM AUTO_INCREMENT=2 DEFAULT CHARSET=utf8 COLLATE=utf8_unicode_ci;

INSERT INTO vehicles VALUES("1","Rickshaw","Loader 01","Super Star - Motor Bike Rickshaw","216","216","2019-03-05 04:24:15","2019-03-05 06:57:11");



