-- phpMyAdmin SQL Dump
-- version 4.6.6deb5
-- https://www.phpmyadmin.net/
--
-- Host: localhost:3306
-- Generation Time: Mar 15, 2019 at 04:12 AM
-- Server version: 5.7.25-0ubuntu0.18.04.2
-- PHP Version: 7.2.15-0ubuntu0.18.04.1

SET SQL_MODE = "NO_AUTO_VALUE_ON_ZERO";
SET time_zone = "+00:00";


/*!40101 SET @OLD_CHARACTER_SET_CLIENT=@@CHARACTER_SET_CLIENT */;
/*!40101 SET @OLD_CHARACTER_SET_RESULTS=@@CHARACTER_SET_RESULTS */;
/*!40101 SET @OLD_COLLATION_CONNECTION=@@COLLATION_CONNECTION */;
/*!40101 SET NAMES utf8mb4 */;

--
-- Database: `sindhgasdirect`
--

-- --------------------------------------------------------

--
-- Table structure for table `configurations`
--

CREATE TABLE `configurations` (
  `ID` bigint(20) UNSIGNED NOT NULL,
  `FullName` varchar(50) DEFAULT NULL,
  `CompanyName` varchar(100) DEFAULT NULL,
  `SiteTitle` varchar(255) DEFAULT NULL,
  `Domain` varchar(255) DEFAULT NULL,
  `Address` varchar(255) DEFAULT NULL,
  `Email` varchar(150) DEFAULT NULL,
  `GasRate` float NOT NULL,
  `RetailGasRate` float NOT NULL,
  `DropboxEmail` text NOT NULL,
  `AlertReceiver` varchar(255) DEFAULT '',
  `SMTPHost` varchar(255) DEFAULT '',
  `SMTPUser` varchar(255) DEFAULT '',
  `SMTPPassword` varchar(20) DEFAULT '',
  `Number` varchar(20) DEFAULT NULL,
  `FaxNumber` varchar(20) DEFAULT NULL,
  `Password` varchar(15) DEFAULT NULL,
  `Logo` text NOT NULL,
  `SMSUsername` text NOT NULL,
  `SMSPassword` text NOT NULL,
  `CaptchaVerification` int(11) NOT NULL DEFAULT '1',
  `BarCodeLength` int(11) NOT NULL DEFAULT '4',
  `DateModified` datetime DEFAULT NULL
) ENGINE=MyISAM DEFAULT CHARSET=utf8;

--
-- Dumping data for table `configurations`
--

INSERT INTO `configurations` (`ID`, `FullName`, `CompanyName`, `SiteTitle`, `Domain`, `Address`, `Email`, `GasRate`, `RetailGasRate`, `DropboxEmail`, `AlertReceiver`, `SMTPHost`, `SMTPUser`, `SMTPPassword`, `Number`, `FaxNumber`, `Password`, `Logo`, `SMSUsername`, `SMSPassword`, `CaptchaVerification`, `BarCodeLength`, `DateModified`) VALUES
(1, 'Inventory & Sales Management System', 'Sindh Gas Direct', 'Sindh Gas Direct', '', 'Plant - Hyderabad', 'asg_ali@hotmail.com', 118.64, 118.64, '2019-01-27', '03453041744', 'mail.kashanshah.tk', 'pos@kashanshah.tk', 'poscis123?', '', '', '123', 'logo.jpg', 'sindhgas138', '1113', 0, 12, '2019-01-27 04:38:57');

-- --------------------------------------------------------

--
-- Table structure for table `cylinders`
--

CREATE TABLE `cylinders` (
  `ID` int(10) UNSIGNED NOT NULL,
  `BarCode` text NOT NULL,
  `Description` text NOT NULL,
  `ShortDescription` text NOT NULL,
  `TierWeight` float NOT NULL,
  `Commercial` int(11) NOT NULL,
  `ManufacturingDate` date NOT NULL,
  `ExpiryDate` date NOT NULL,
  `PlantID` int(11) NOT NULL,
  `Status` int(11) NOT NULL,
  `PerformedBy` int(11) NOT NULL,
  `DateAdded` datetime NOT NULL,
  `DateModified` datetime NOT NULL
) ENGINE=InnoDB DEFAULT CHARSET=latin1;

--
-- Dumping data for table `cylinders`
--

INSERT INTO `cylinders` (`ID`, `BarCode`, `Description`, `ShortDescription`, `TierWeight`, `Commercial`, `ManufacturingDate`, `ExpiryDate`, `PlantID`, `Status`, `PerformedBy`, `DateAdded`, `DateModified`) VALUES
(3, '000707', '', 'MADE BY HITEK 11.8KG s# 707', 13.6, 0, '2019-01-01', '2024-01-01', 216, 0, 216, '2019-03-05 05:39:31', '2019-01-27 04:02:01'),
(4, '000495', '', 'MADE BY HITEK 11.8KG S#3495', 13.6, 0, '2019-01-01', '2024-01-01', 216, 0, 216, '2019-03-05 05:40:56', '2019-01-27 04:03:32'),
(5, '000451', '', 'MADE BY HITEK 11.8KG S#451', 13.7, 0, '2019-01-01', '2024-01-01', 216, 1, 216, '2019-03-05 05:43:09', '2019-03-05 05:43:09'),
(6, '000426', '', 'MADE BY HITEK 11.8KG S#426', 13.3, 0, '2019-01-01', '2024-01-01', 216, 0, 216, '2019-03-05 05:45:23', '2019-01-27 04:03:32'),
(7, '000486', '', 'MADE BY HITEK 11.8KG S#486', 13.6, 0, '2019-01-01', '2024-01-01', 216, 1, 216, '2019-03-05 05:46:24', '2019-03-05 05:46:24'),
(8, '000611', '', 'MADE BY HITEK 11.8KG S#611', 13.7, 0, '2019-01-01', '2024-01-01', 216, 1, 216, '2019-03-05 05:47:41', '2019-03-05 05:47:41'),
(9, '000641', '', 'MADE BY HITEK 11.8KG S#641', 13.6, 0, '2019-01-01', '2024-01-01', 216, 1, 216, '2019-03-05 05:48:50', '2019-03-05 05:48:50'),
(10, '000487', '', 'MADE BY HITEK 11.8KG S#487', 13.5, 0, '2019-01-01', '2024-01-01', 216, 1, 216, '2019-03-05 05:49:33', '2019-01-27 00:00:00'),
(11, '000511', '', 'MADE BY HITEK 11.8KG S#511', 13.5, 0, '2019-01-01', '2024-01-01', 216, 1, 216, '2019-03-05 05:50:27', '2019-03-05 05:50:27'),
(12, '000504', '', 'MADE BY HITEK 11.8KG S#504', 13.6, 0, '2019-01-01', '2024-01-01', 216, 1, 216, '2019-03-05 05:51:15', '2019-01-27 00:00:00'),
(13, '000553', '', 'MADE BY HITEK 11.8KG S#553', 13.6, 0, '2019-01-01', '2024-01-01', 216, 1, 216, '2019-03-05 05:51:48', '2019-01-27 00:00:00'),
(14, '000419', '', 'MADE BY HITEK 11.8KG S#419', 13.6, 0, '2019-01-01', '2024-01-01', 216, 1, 216, '2019-03-05 05:52:36', '2019-03-05 05:52:36'),
(15, '000653', '', 'MADE BY HITEK 11.8KG S#653', 13.6, 0, '2019-01-01', '2024-01-01', 216, 1, 216, '2019-03-05 05:53:32', '2019-01-27 00:00:00'),
(16, '000552', '', 'MADE BY HITEK 11.8KG S#552', 13.6, 0, '2019-01-01', '2024-01-01', 216, 0, 216, '2019-03-05 05:54:22', '2019-01-27 00:00:00'),
(17, '000581', '', 'MADE BY HITEK 11.8KG S#581', 13.7, 0, '2019-01-01', '2024-01-01', 216, 0, 216, '2019-03-05 05:55:37', '2019-01-27 04:04:01'),
(18, '000807', '', 'MADE BY HITEK 11.8KG S#807', 13.6, 0, '2019-01-01', '2024-01-01', 216, 0, 216, '2019-03-05 06:03:30', '2019-01-27 00:00:00'),
(19, '000584', '', 'MADE BY HITEK 11.8KG S#584', 13.6, 0, '2019-01-01', '2024-01-01', 216, 1, 216, '2019-03-05 06:04:25', '2019-03-05 06:04:25'),
(20, '000701', '', 'MADE BY HITEK 11.8KG S#701', 13.5, 0, '2019-01-01', '2024-01-01', 216, 0, 216, '2019-03-05 06:05:17', '2019-01-27 00:00:00'),
(21, '000663', '', 'MADE BY HITEK 11.8KG S#663', 13.6, 0, '2019-01-01', '2024-01-01', 216, 1, 216, '2019-03-05 06:06:01', '2019-03-05 06:06:01'),
(22, '000609', '', 'MADE BY HITEK 11.8KG S#609', 13.8, 0, '2019-01-01', '2024-01-01', 216, 0, 216, '2019-03-05 06:06:46', '2019-01-27 00:00:00'),
(23, '000697', '', 'MADE BY HITEK 11.8KG S#697', 13.4, 0, '2019-01-01', '2024-01-01', 216, 0, 216, '2019-03-05 06:07:27', '2019-01-27 00:00:00'),
(24, '000482', '', 'MADE BY HITEK 11.8KG S#482', 13.5, 0, '2019-01-01', '2024-01-01', 216, 1, 216, '2019-03-05 06:08:02', '2019-03-05 06:08:02'),
(25, '000522', '', 'MADE BY HITEK 11.8KG S#522', 13.6, 0, '2019-01-01', '2024-01-01', 216, 0, 216, '2019-03-05 06:08:39', '2019-01-27 00:00:00'),
(26, '000631', '', 'MADE BY HITEK 11.8KG S#631', 13.6, 0, '2019-01-01', '2024-01-01', 216, 0, 216, '2019-03-05 06:09:37', '2019-01-27 00:00:00'),
(27, '000647', '', 'MADE BY HITEK 11.8KG S#647', 13.7, 0, '2019-01-01', '2024-01-01', 216, 0, 216, '2019-03-05 06:10:23', '2019-01-27 00:00:00'),
(28, '000425', '', 'MADE BY HITEK 11.8KG S#425', 13.5, 0, '2019-01-01', '2024-01-01', 216, 1, 216, '2019-03-05 06:11:02', '2019-03-05 06:11:02'),
(29, '000702', '', 'MADE BY HITEK 11.8KG S#702', 13.4, 0, '2019-01-01', '2024-01-01', 216, 0, 216, '2019-03-05 06:11:47', '2019-01-27 00:00:00'),
(30, '000673', '', 'MADE BY HITEK 11.8KG S#673', 13.5, 0, '2019-01-01', '2024-01-01', 216, 1, 216, '2019-03-05 06:12:40', '2019-03-05 06:12:40'),
(31, '000676', '', 'MADE BY HITEK 11.8KG S#676', 13.6, 0, '2019-01-01', '2024-01-01', 216, 0, 216, '2019-03-05 06:13:27', '2019-01-27 00:00:00'),
(32, '000618', '', 'MADE BY HITEK 11.8KG S#618', 13.4, 0, '2019-01-01', '2024-01-01', 216, 0, 216, '2019-03-05 06:14:19', '2019-01-27 00:00:00'),
(33, '000589', '', 'MADE BY HITEK 11.8KG S#589', 13.6, 0, '2019-01-01', '2024-01-01', 216, 1, 216, '2019-03-05 06:15:01', '2019-03-05 06:15:01'),
(34, '000652', '', 'MADE BY HITEK 11.8KG S#652', 13.6, 0, '2019-01-01', '2024-01-01', 216, 0, 216, '2019-03-05 06:15:39', '2019-01-27 00:00:00'),
(35, '000462', '', 'MADE BY HITEK 11.8KG S#462', 13.5, 0, '2019-01-01', '2024-01-01', 216, 1, 216, '2019-03-05 06:18:11', '2019-03-05 06:18:11'),
(36, '000478', '', 'MADE BY HITEK 11.8KG S#478', 13.6, 0, '2019-01-01', '2024-01-01', 216, 1, 216, '2019-03-05 06:18:58', '2019-03-05 06:18:58'),
(37, '000568', '', 'MADE BY HITEK 11.8KG S#568', 13.5, 0, '2019-01-01', '2024-01-01', 216, 0, 216, '2019-03-05 06:20:09', '2019-01-27 00:00:00'),
(38, '000481', '', 'MADE BY HITEK 11.8KG S#481', 13.5, 0, '2019-01-01', '2024-01-01', 216, 0, 216, '2019-03-05 06:21:03', '2019-01-27 00:00:00'),
(39, '000588', '', 'MADE BY HITEK 11.8KG S#588', 13.5, 0, '2019-01-01', '2024-01-01', 216, 1, 216, '2019-03-05 06:21:43', '2019-03-05 06:21:43'),
(40, '000689', '', 'MADE BY HITEK 11.8KG S#689', 13.5, 0, '2019-01-01', '2024-01-01', 216, 1, 216, '2019-03-05 06:22:22', '2019-03-05 06:22:22'),
(41, '000532', '', 'MADE BY HITEK 11.8KG S#532', 13.6, 0, '2019-01-01', '2024-01-01', 216, 0, 216, '2019-03-05 06:23:59', '2019-01-27 00:00:00'),
(42, '0000069', '', 'MADE BY HITEK 45.4KG S#069', 40.9, 1, '2019-01-01', '2024-01-01', 216, 1, 216, '2019-03-05 06:26:41', '2019-03-05 06:26:41'),
(43, '0000102', '', 'MADE BY HITEK 45.4KG S#102', 40.8, 1, '2019-01-01', '2024-01-01', 216, 1, 216, '2019-03-05 06:27:54', '2019-03-05 06:27:54'),
(44, '0000079', '', 'MADE BY HITEK 45.4KG S#079', 41, 1, '2019-01-01', '2024-01-01', 216, 1, 216, '2019-03-05 06:29:05', '2019-03-05 06:29:05'),
(45, '0000073', '', 'MADE BY HITEK 45.4KG S#073', 41.1, 1, '2019-01-01', '2024-01-01', 216, 1, 216, '2019-03-05 06:29:54', '2019-03-05 06:29:54'),
(46, '0000088', '', 'MADE BY HITEK 45.4KG S#088', 41, 1, '2019-01-01', '2024-01-01', 216, 1, 216, '2019-03-05 06:30:55', '2019-03-05 06:30:55'),
(47, '0000076', '', 'MADE BY HITEK 45.4KG S#076', 41, 1, '2019-01-01', '2024-01-01', 216, 1, 216, '2019-03-05 06:32:05', '2019-03-05 06:32:05'),
(48, '0000064', '', 'MADE BY HITEK 45.4KG S#064', 41.3, 1, '2019-01-01', '2024-01-01', 216, 0, 216, '2019-03-05 06:33:12', '2019-01-27 00:00:00'),
(49, '0000077', '', 'MADE BY HITEK 45.4KG S#077', 40.7, 1, '2019-01-01', '2024-01-01', 216, 1, 216, '2019-03-05 06:34:03', '2019-03-05 06:34:03'),
(50, '0000085', '', 'MADE BY HITEK 45.4KG S#085', 41, 1, '2019-01-01', '2024-01-01', 216, 1, 216, '2019-03-05 06:34:53', '2019-03-05 06:34:53'),
(51, '0000091', '', 'MADE BY HITEK 45.4KG S#091', 41, 1, '2019-01-01', '2024-01-01', 216, 1, 216, '2019-03-05 06:41:40', '2019-03-05 06:41:40'),
(52, '0000103', '', 'MADE BY HITEK 45.4KG S#103', 40.9, 1, '2019-01-01', '2024-01-01', 216, 1, 216, '2019-03-05 06:43:01', '2019-03-05 06:43:01'),
(53, '0000099', '', 'MADE BY HITEK 45.4KG S#099', 41.2, 1, '2019-01-01', '2024-01-01', 216, 0, 216, '2019-03-05 06:45:08', '2019-01-27 00:00:00'),
(54, '0000070', '', 'MADE BY HITEK 45.4KG S#070', 41.1, 1, '2019-01-01', '2024-01-01', 216, 0, 216, '2019-03-05 06:46:05', '2019-01-27 00:00:00'),
(55, '0000092', '', 'MADE BY HITEK 45.4KG S#092', 40.8, 1, '2019-01-01', '2024-01-01', 216, 1, 216, '2019-03-05 06:47:07', '2019-03-05 06:47:07'),
(56, '0000096', '', 'MADE BY HITEK 45.4KG S#096', 41.1, 1, '2019-01-01', '2024-01-01', 216, 0, 216, '2019-03-05 06:48:01', '2019-01-27 00:00:00'),
(57, '600097', '', 'MADE BY HITEK 06KG S#097', 8.45, 0, '2019-01-01', '2024-01-01', 216, 1, 216, '2019-03-05 07:25:10', '2019-03-05 07:25:10'),
(58, '600017', '', 'MADE BY HITEK 06KG S#017', 8.4, 0, '2019-01-01', '2024-01-01', 216, 1, 216, '2019-03-05 07:26:26', '2019-03-05 07:26:26'),
(59, '600016', '', 'MADE BY HITEK 06KG S#016', 8.36, 0, '2019-01-01', '2024-01-01', 216, 1, 216, '2019-03-05 07:27:07', '2019-03-05 07:27:07'),
(60, '600098', '', 'MADE BY HITEK 06KG S#098', 8.34, 0, '2019-01-01', '2024-01-01', 216, 1, 216, '2019-03-05 07:27:54', '2019-03-05 07:27:54'),
(61, '600029', '', 'MADE BY HITEK 06KG S#029', 8.44, 0, '2019-01-01', '2024-01-01', 216, 1, 216, '2019-03-05 07:28:45', '2019-03-05 07:28:45'),
(62, '600005', '', 'MADE BY HITEK 06KG S#005', 8.26, 0, '2019-01-01', '2024-01-01', 216, 1, 216, '2019-03-05 07:29:31', '2019-03-05 07:29:31'),
(63, '600099', '', 'MADE BY HITEK 06KG S#099', 8.44, 0, '2019-01-01', '2024-01-01', 216, 1, 216, '2019-03-05 07:30:07', '2019-03-05 07:30:07'),
(64, '600085', '', 'MADE BY HITEK 06KG S#085', 8.38, 0, '2019-01-01', '2024-01-01', 216, 1, 216, '2019-03-05 07:30:52', '2019-03-05 07:30:52'),
(65, '600015', '', 'MADE BY HITEK 06KG S#015', 8.44, 0, '2019-01-01', '2024-01-01', 216, 1, 216, '2019-03-05 07:31:36', '2019-03-05 07:31:36'),
(66, '600040', '', 'MADE BY HITEK 06KG S#040', 8.26, 0, '2019-01-01', '2024-01-01', 216, 1, 216, '2019-03-05 07:32:09', '2019-03-05 07:32:09'),
(67, '600028', '', 'MADE BY HITEK 06KG S#028', 8.36, 0, '2019-01-01', '2024-01-01', 216, 1, 216, '2019-03-05 07:32:46', '2019-03-05 07:32:46'),
(68, '600058', '', 'MADE BY HITEK 06KG S#058', 8.18, 0, '2019-01-01', '2024-01-01', 216, 1, 216, '2019-03-05 07:33:36', '2019-03-05 07:33:36'),
(69, '600010', '', 'MADE BY HITEK 06KG S#010', 8.38, 0, '2019-01-01', '2024-01-01', 216, 1, 216, '2019-03-05 07:34:18', '2019-03-05 07:34:18'),
(70, '600048', '', 'MADE BY HITEK 06KG S#048', 8.3, 0, '2019-01-01', '2024-01-01', 216, 1, 216, '2019-03-05 07:34:58', '2019-03-05 07:34:58'),
(71, '600009', '', 'MADE BY HITEK 06KG S#009', 8.22, 0, '2019-01-01', '2024-01-01', 216, 1, 216, '2019-03-05 07:35:54', '2019-03-05 07:35:54'),
(72, '600042', '', 'MADE BY HITEK 06KG S#042', 8.16, 0, '2019-01-01', '2024-01-01', 216, 1, 216, '2019-03-05 07:36:51', '2019-03-05 07:36:51'),
(73, '600052', '', 'MADE BY HITEK 06KG S#052', 8.22, 0, '2019-01-01', '2024-01-01', 216, 1, 216, '2019-03-05 07:37:39', '2019-03-05 07:37:39'),
(74, '600095', '', 'MADE BY HITEK 06KG S#095', 8.48, 0, '2019-01-01', '2024-01-01', 216, 1, 216, '2019-03-05 07:38:13', '2019-03-05 07:38:13'),
(75, '600081', '', 'MADE BY HITEK 06KG S#081', 8.38, 0, '2019-01-01', '2024-01-01', 216, 0, 216, '2019-03-05 07:38:47', '2019-01-27 00:00:00'),
(76, '6000013', '', 'MADE BY HITEK 06KG S#013', 8.36, 0, '2019-01-01', '2024-01-01', 216, 1, 216, '2019-03-05 07:42:13', '2019-03-05 07:42:13'),
(77, '000720', '', 'MADE BY HITEK 11.8KG S#720', 13.4, 0, '2019-01-01', '2024-01-01', 216, 1, 216, '2019-03-05 08:02:28', '2019-03-05 08:02:28'),
(78, '000574', '', 'MADE BY HITEK 11.8KG S#574', 13.4, 0, '2019-01-01', '2024-01-01', 216, 1, 216, '2019-03-06 00:00:00', '2019-03-06 00:00:00'),
(79, '000528', '', 'MADE BY HITEK 11.8KG S#528', 13.6, 0, '2019-01-01', '2024-01-01', 216, 1, 216, '2019-03-06 00:00:00', '2019-03-06 00:00:00'),
(80, '000637', '', 'MADE BY HITEK 11.8KG S#637', 13.6, 0, '2019-01-01', '2024-01-01', 216, 1, 216, '2019-03-06 00:00:00', '2019-03-06 00:00:00'),
(81, '000546', '', 'MADE BY HITEK 11.8KG S#546', 13.5, 0, '2019-01-01', '2024-01-01', 216, 1, 216, '2019-03-06 00:00:00', '2019-03-06 00:00:00'),
(82, '000442', '', 'MADE BY HITEK 11.8KG S#442', 13.5, 0, '2019-01-01', '2024-01-01', 216, 1, 216, '2019-03-06 00:00:00', '2019-03-06 00:00:00'),
(83, '000659', '', 'MADE BY HITEK 11.8KG S#659', 13.7, 0, '2019-01-01', '2024-01-01', 216, 1, 216, '2019-03-06 00:00:00', '2019-03-06 00:00:00'),
(84, '000711', '', 'MADE BY HITEK 11.8KG S#711', 13.6, 0, '2019-01-01', '2024-01-01', 216, 1, 216, '2019-03-06 00:00:00', '2019-03-06 00:00:00'),
(85, '000645', '', 'MADE BY HITEK 11.8KG S#645', 13.5, 0, '2019-01-01', '2024-01-01', 216, 1, 216, '2019-03-06 00:00:00', '2019-03-06 00:00:00'),
(86, '000582', '', 'MADE BY HITEK 11.8KG S#582', 13.7, 0, '2019-01-01', '2024-01-01', 216, 1, 216, '2019-03-06 00:00:00', '2019-03-06 00:00:00'),
(87, '000635', '', 'MADE BY HITEK 11.8KG S#635', 16.5, 0, '2019-01-01', '2024-01-01', 216, 1, 216, '2019-03-06 00:00:00', '2019-01-27 00:00:00'),
(88, '000651', '', 'MADE BY HITEK 11.8KG S#651', 13.7, 0, '2019-01-01', '2024-01-01', 216, 1, 216, '2019-03-06 00:00:00', '2019-03-06 00:00:00'),
(89, '000680', '', 'MADE BY HITEK 11.8KG S#680', 13.6, 0, '2019-01-01', '2024-01-01', 216, 1, 216, '2019-03-06 00:00:00', '2019-03-06 00:00:00'),
(90, '000580', '', 'MADE BY HITEK 11.8KG S#580', 13.6, 0, '2019-01-01', '2024-01-01', 216, 1, 216, '2019-03-06 00:00:00', '2019-03-06 00:00:00'),
(91, '000688', '', 'MADE BY HITEK 11.8KG S#688', 13.5, 0, '2019-01-01', '2024-01-01', 216, 1, 216, '2019-03-06 00:00:00', '2019-03-06 00:00:00'),
(92, '000559', '', 'MADE BY HITEK 11.8KG S#559', 13.6, 0, '2019-01-01', '2024-01-01', 216, 1, 216, '2019-03-06 00:00:00', '2019-03-06 00:00:00'),
(93, '000565', '', 'MADE BY HITEK 11.8KG S#565', 13.6, 0, '2019-01-01', '2024-01-01', 216, 1, 216, '2019-03-06 00:00:00', '2019-03-06 00:00:00'),
(94, '000531', '', 'MADE BY HITEK 11.8KG S#531', 13.6, 0, '2019-01-01', '2024-01-01', 216, 1, 216, '2019-03-06 00:00:00', '2019-03-06 00:00:00'),
(95, '000441', '', 'MADE BY HITEK 11.8KG S#441', 13.6, 0, '2019-01-01', '2024-01-01', 216, 1, 216, '2019-03-06 00:00:00', '2019-03-06 00:00:00'),
(96, '000435', '', 'MADE BY HITEK 11.8KG S#435', 13.6, 0, '2019-01-01', '2024-01-01', 216, 0, 216, '2019-03-06 00:00:00', '2019-01-27 00:00:00'),
(97, '000714', '', 'MADE BY HITEK 11.8KG S#714', 13.5, 0, '2019-01-01', '2024-01-01', 216, 1, 216, '2019-03-06 00:00:00', '2019-03-06 00:00:00'),
(98, '000571', '', 'MADE BY HITEK 11.8KG S#571', 13.5, 0, '2019-01-01', '2024-01-01', 216, 1, 216, '2019-01-27 00:00:00', '2019-01-27 00:00:00'),
(99, '000670', '', 'MADE BY HITEK 11.8KG S#670', 13.4, 0, '2019-01-01', '2024-01-01', 216, 1, 216, '2019-01-27 00:00:00', '2019-01-27 00:00:00'),
(100, '000738', '', 'MADE BY HITEK 11.8KG S#738', 13.8, 0, '2019-01-01', '2024-01-01', 216, 1, 216, '2019-01-27 00:00:00', '2019-01-27 00:00:00'),
(101, '000575', '', 'MADE BY HITEK 11.8KG S#575', 13.5, 0, '2019-01-01', '2024-01-01', 216, 1, 216, '2019-01-27 00:00:00', '2019-01-27 00:00:00'),
(102, '000665', '', 'MADE BY HITEK 11.8KG S#665', 13.6, 0, '2019-01-01', '2024-01-01', 216, 1, 216, '2019-01-27 00:00:00', '2019-01-27 00:00:00'),
(103, '000596', '', 'MADE BY HITEK 11.8KG S#596', 13.7, 0, '2019-01-01', '2024-01-01', 216, 1, 216, '2019-01-27 00:00:00', '2019-01-27 00:00:00'),
(104, '000620', '', 'MADE BY HITEK 11.8KG S#620', 13.5, 0, '2019-01-01', '2024-01-01', 216, 1, 216, '2019-01-27 00:00:00', '2019-01-27 00:00:00'),
(105, '000628', '', 'MADE BY HITEK 11.8KG S#628', 13.6, 0, '2019-01-01', '2024-01-01', 216, 1, 216, '2019-01-27 00:00:00', '2019-01-27 00:00:00'),
(106, '000614', '', 'MADE BY HITEK 11.8KG S#614', 13.6, 0, '2019-01-01', '2024-01-01', 216, 1, 216, '2019-01-27 00:00:00', '2019-01-27 00:00:00'),
(107, '000683', '', 'MADE BY HITEK 11.8KG S#683', 13.6, 0, '2019-01-01', '2024-01-01', 216, 1, 216, '2019-01-27 00:00:00', '2019-01-27 00:00:00'),
(108, '000643', '', 'MADE BY HITEK 11.8KG S#643', 13.4, 0, '2019-01-01', '2024-01-01', 216, 1, 216, '2019-01-27 00:00:00', '2019-01-27 00:00:00'),
(109, '000501', '', 'MADE BY HITEK 11.8KG S#501', 13.6, 0, '2019-01-01', '2024-01-01', 216, 1, 216, '2019-01-27 00:00:00', '2019-01-27 00:00:00'),
(110, '000500', '', 'MADE BY HITEK 11.8KG S#500', 13.4, 0, '2019-01-01', '2024-01-01', 216, 1, 216, '2019-01-27 00:00:00', '2019-01-27 00:00:00'),
(111, '000601', '', 'MADE BY HITEK 11.8KG S#601', 13.6, 0, '2019-01-01', '2024-01-01', 216, 1, 216, '2019-01-27 00:00:00', '2019-01-27 00:00:00'),
(112, '000681', '', 'MADE BY HITEK 11.8KG S#681', 13.5, 0, '2019-01-01', '2024-01-01', 216, 1, 216, '2019-01-27 00:00:00', '2019-01-27 00:00:00'),
(113, '000465', '', 'MADE BY HITEK 11.8KG S#465', 13.6, 0, '2019-01-01', '2024-01-01', 216, 1, 216, '2019-01-27 00:00:00', '2019-01-27 00:00:00'),
(114, '000431', '', 'MADE BY HITEK 11.8KG S#431', 13.6, 0, '2019-01-01', '2024-01-01', 216, 1, 216, '2019-01-27 00:00:00', '2019-01-27 00:00:00'),
(115, '000592', '', 'MADE BY HITEK 11.8KG S#592', 13.6, 0, '2019-01-01', '2024-01-01', 216, 1, 216, '2019-01-27 00:00:00', '2019-01-27 00:00:00'),
(116, '00414', '', 'MADE BY HITEK 11.8KG S#414', 13.6, 0, '2019-01-01', '2024-01-01', 216, 0, 216, '2019-01-27 00:00:00', '2019-01-27 00:00:00'),
(117, '000625', '', 'MADE BY HITEK 11.8KG S#625', 13.7, 0, '2019-01-01', '2024-01-01', 216, 1, 216, '2019-01-27 00:00:00', '2019-01-27 00:00:00'),
(118, '000687', '', 'MADE BY HITEK 11.8KG S#687', 13.6, 0, '2019-01-01', '2024-01-01', 216, 1, 216, '2019-01-27 00:00:00', '2019-01-27 00:00:00'),
(119, '000698', '', 'MADE BY HITEK 11.8KG S#698', 13.5, 0, '2019-01-01', '2024-01-01', 216, 1, 216, '2019-01-27 00:00:00', '2019-01-27 00:00:00'),
(120, '000721', '', 'MADE BY HITEK 11.8KG S#721', 13.6, 0, '2019-01-01', '2024-01-01', 216, 1, 216, '2019-01-27 00:00:00', '2019-01-27 00:00:00'),
(121, '000624', '', 'MADE BY HITEK 11.8KG S#624', 13.5, 0, '2019-01-01', '2024-01-01', 216, 1, 216, '2019-01-27 00:00:00', '2019-01-27 00:00:00'),
(122, '000762', '', 'MADE BY HITEK 11.8KG S#762', 13.6, 0, '2019-01-01', '2024-01-01', 216, 1, 216, '2019-01-27 00:00:00', '2019-01-27 00:00:00'),
(123, '000616', '', 'MADE BY HITEK 11.8KG S#616', 13.4, 0, '2019-01-01', '2024-01-01', 216, 1, 216, '2019-01-27 00:00:00', '2019-01-27 00:00:00'),
(124, '000684', '', 'MADE BY HITEK 11.8KG S#684', 13.5, 0, '2019-01-01', '2024-01-01', 216, 1, 216, '2019-01-27 00:00:00', '2019-01-27 00:00:00'),
(125, '000655', '', 'MADE BY HITEK 11.8KG S#655', 13.6, 0, '2019-01-01', '2024-01-01', 216, 1, 216, '2019-01-27 00:00:00', '2019-01-27 00:00:00'),
(126, '000722', '', 'MADE BY HITEK 11.8KG S#722', 13.5, 0, '2019-01-01', '2024-01-01', 216, 1, 216, '2019-01-27 00:00:00', '2019-01-27 00:00:00'),
(127, '000715', '', 'MADE BY HITEK 11.8KG S#715', 13.7, 0, '2019-01-01', '2024-01-01', 216, 1, 216, '2019-01-27 00:00:00', '2019-01-27 00:00:00'),
(128, '000654', '', 'MADE BY HITEK 11.8KG S#654', 13.6, 0, '2019-01-01', '2024-01-01', 216, 1, 216, '2019-01-27 00:00:00', '2019-01-27 00:00:00'),
(129, '000523', '', 'MADE BY HITEK 11.8KG S#523', 13.6, 0, '2019-01-01', '2024-01-01', 216, 1, 216, '2019-01-27 00:00:00', '2019-01-27 00:00:00'),
(130, '000416', '', 'MADE BY HITEK 11.8KG S#416', 13.5, 0, '2019-01-01', '2024-01-01', 216, 1, 216, '2019-01-27 00:00:00', '2019-01-27 00:00:00'),
(131, '000644', '', 'MADE BY HITEK 11.8KG S#644', 13.4, 0, '2019-01-01', '2024-01-01', 216, 1, 216, '2019-01-27 00:00:00', '2019-01-27 00:00:00'),
(132, '000524', '', 'MADE BY HITEK 11.8KG S#524', 13.7, 0, '2019-01-01', '2024-01-01', 216, 1, 216, '2019-01-27 00:00:00', '2019-01-27 00:00:00'),
(133, '000666', '', 'MADE BY HITEK 11.8KG S#666', 13.6, 0, '2019-01-01', '2024-01-01', 216, 1, 216, '2019-01-27 00:00:00', '2019-01-27 00:00:00'),
(134, '000595', '', 'MADE BY HITEK 11.8KG S#595', 13.6, 0, '2019-01-01', '2024-01-01', 216, 1, 216, '2019-01-27 00:00:00', '2019-01-27 00:00:00'),
(135, '000667', '', 'MADE BY HITEK 11.8KG S#667', 13.6, 0, '2019-01-01', '2024-01-01', 216, 1, 216, '2019-01-27 00:00:00', '2019-01-27 00:00:00'),
(136, '000716', '', 'MADE BY HITEK 11.8KG S#716', 13.6, 0, '2019-01-01', '2024-01-01', 216, 1, 216, '2019-01-27 00:00:00', '2019-01-27 00:00:00'),
(137, '000782', '', 'MADE BY HITEK 11.8KG S#782', 13.6, 0, '2019-01-01', '2024-01-01', 216, 1, 216, '2019-01-27 00:00:00', '2019-01-27 00:00:00'),
(138, '000414', '', 'MADE BY HITEK 11.8KG S#414', 13.6, 0, '2019-01-01', '2024-01-01', 216, 1, 216, '2019-01-27 00:00:00', '2019-01-27 00:00:00');

-- --------------------------------------------------------

--
-- Table structure for table `cylinderstatus`
--

CREATE TABLE `cylinderstatus` (
  `ID` int(11) NOT NULL,
  `InvoiceID` int(11) NOT NULL,
  `CylinderID` int(11) NOT NULL,
  `HandedTo` int(11) NOT NULL,
  `Weight` float NOT NULL,
  `PerformedBy` int(11) NOT NULL,
  `DateAdded` datetime NOT NULL
) ENGINE=InnoDB DEFAULT CHARSET=latin1;

--
-- Dumping data for table `cylinderstatus`
--

INSERT INTO `cylinderstatus` (`ID`, `InvoiceID`, `CylinderID`, `HandedTo`, `Weight`, `PerformedBy`, `DateAdded`) VALUES
(10, 11, 3, 216, 25.4, 216, '2019-03-05 06:59:30'),
(11, 11, 4, 216, 25.4, 216, '2019-03-05 06:59:30'),
(12, 11, 5, 216, 25.5, 216, '2019-03-05 06:59:30'),
(13, 11, 6, 216, 25.1, 216, '2019-03-05 06:59:30'),
(14, 11, 7, 216, 25.4, 216, '2019-03-05 06:59:30'),
(15, 12, 8, 216, 25.5, 216, '2019-03-05 07:03:31'),
(16, 12, 9, 216, 25.4, 216, '2019-03-05 07:03:31'),
(17, 12, 10, 216, 25.3, 216, '2019-03-05 07:03:31'),
(18, 12, 11, 216, 25.3, 216, '2019-03-05 07:03:31'),
(19, 12, 12, 216, 25.4, 216, '2019-03-05 07:03:31'),
(20, 12, 13, 216, 25.4, 216, '2019-03-05 07:03:31'),
(21, 12, 14, 216, 25.4, 216, '2019-03-05 07:03:31'),
(22, 12, 15, 216, 25.4, 216, '2019-03-05 07:03:31'),
(23, 12, 16, 216, 25.4, 216, '2019-03-05 07:03:31'),
(24, 12, 17, 216, 25.5, 216, '2019-03-05 07:03:31'),
(25, 13, 18, 216, 25.4, 216, '2019-03-05 07:07:06'),
(26, 13, 19, 216, 25.4, 216, '2019-03-05 07:07:06'),
(27, 13, 20, 216, 25.3, 216, '2019-03-05 07:07:06'),
(28, 13, 21, 216, 25.4, 216, '2019-03-05 07:07:06'),
(29, 13, 22, 216, 25.7, 216, '2019-03-05 07:07:06'),
(30, 13, 23, 216, 25.2, 216, '2019-03-05 07:07:06'),
(31, 13, 24, 216, 25.3, 216, '2019-03-05 07:07:06'),
(32, 13, 25, 216, 25.4, 216, '2019-03-05 07:07:06'),
(33, 13, 26, 216, 25.5, 216, '2019-03-05 07:07:06'),
(34, 13, 27, 216, 25.5, 216, '2019-03-05 07:07:06'),
(35, 13, 28, 216, 25.3, 216, '2019-03-05 07:07:06'),
(36, 13, 29, 216, 25.2, 216, '2019-03-05 07:07:06'),
(37, 13, 30, 216, 25.3, 216, '2019-03-05 07:07:06'),
(38, 14, 31, 216, 25.4, 216, '2019-03-05 07:12:40'),
(39, 14, 32, 216, 25.2, 216, '2019-03-05 07:12:40'),
(40, 14, 33, 216, 25.4, 216, '2019-03-05 07:12:40'),
(41, 14, 34, 216, 25.4, 216, '2019-03-05 07:12:40'),
(42, 14, 35, 216, 25.5, 216, '2019-03-05 07:12:40'),
(43, 14, 36, 216, 25.4, 216, '2019-03-05 07:12:40'),
(44, 14, 37, 216, 25.3, 216, '2019-03-05 07:12:40'),
(45, 14, 38, 216, 25.3, 216, '2019-03-05 07:12:40'),
(46, 14, 39, 216, 25.3, 216, '2019-03-05 07:12:40'),
(47, 14, 40, 216, 25.3, 216, '2019-03-05 07:12:40'),
(48, 14, 41, 216, 25.5, 216, '2019-03-05 07:12:40'),
(49, 15, 42, 216, 86.3, 216, '2019-03-05 07:17:57'),
(50, 15, 43, 216, 86.2, 216, '2019-03-05 07:17:57'),
(51, 15, 44, 216, 86.4, 216, '2019-03-05 07:17:57'),
(52, 15, 45, 216, 86.5, 216, '2019-03-05 07:17:57'),
(53, 15, 46, 216, 86.4, 216, '2019-03-05 07:17:57'),
(54, 15, 47, 216, 86.4, 216, '2019-03-05 07:17:57'),
(55, 15, 48, 216, 86.7, 216, '2019-03-05 07:17:57'),
(56, 15, 50, 216, 86.4, 216, '2019-03-05 07:17:57'),
(57, 15, 51, 216, 86.4, 216, '2019-03-05 07:17:57'),
(58, 15, 52, 216, 86.3, 216, '2019-03-05 07:17:57'),
(59, 15, 53, 216, 86.6, 216, '2019-03-05 07:17:57'),
(60, 15, 55, 216, 86.2, 216, '2019-03-05 07:17:57'),
(61, 15, 56, 216, 86.5, 216, '2019-03-05 07:17:57'),
(62, 15, 49, 216, 86.1, 216, '2019-03-05 07:17:57'),
(63, 15, 54, 216, 86.5, 216, '2019-03-05 07:17:57'),
(64, 16, 57, 216, 14.45, 216, '2019-03-05 07:48:52'),
(65, 16, 58, 216, 14.4, 216, '2019-03-05 07:48:52'),
(66, 16, 59, 216, 14.4, 216, '2019-03-05 07:48:52'),
(67, 16, 60, 216, 14.3, 216, '2019-03-05 07:48:52'),
(68, 16, 61, 216, 14.4, 216, '2019-03-05 07:48:52'),
(69, 16, 62, 216, 14.3, 216, '2019-03-05 07:48:52'),
(70, 16, 63, 216, 14.45, 216, '2019-03-05 07:48:52'),
(71, 16, 64, 216, 14.3, 216, '2019-03-05 07:48:52'),
(72, 16, 65, 216, 14.4, 216, '2019-03-05 07:48:52'),
(73, 16, 66, 216, 14.4, 216, '2019-03-05 07:48:52'),
(74, 16, 67, 216, 14.4, 216, '2019-03-05 07:48:52'),
(75, 16, 68, 216, 14.1, 216, '2019-03-05 07:48:52'),
(76, 16, 69, 216, 14.4, 216, '2019-03-05 07:48:52'),
(77, 16, 70, 216, 14.3, 216, '2019-03-05 07:48:52'),
(78, 16, 71, 216, 14.2, 216, '2019-03-05 07:48:52'),
(79, 16, 72, 216, 14.1, 216, '2019-03-05 07:48:52'),
(80, 16, 73, 216, 14.2, 216, '2019-03-05 07:48:52'),
(81, 16, 74, 216, 14.5, 216, '2019-03-05 07:48:52'),
(82, 16, 75, 216, 14.3, 216, '2019-03-05 07:48:52'),
(83, 16, 76, 216, 14.4, 216, '2019-03-05 07:48:52'),
(84, 17, 77, 216, 25.2, 216, '2019-03-05 08:03:14'),
(85, 18, 3, 220, 25.4, 216, '2019-03-05 08:07:41'),
(86, 18, 4, 220, 25.4, 216, '2019-03-05 08:07:41'),
(87, 18, 5, 220, 25.5, 216, '2019-03-05 08:07:41'),
(88, 18, 6, 220, 25.1, 216, '2019-03-05 08:07:41'),
(89, 18, 7, 220, 25.4, 216, '2019-03-05 08:07:41'),
(90, 18, 8, 220, 25.5, 216, '2019-03-05 08:07:41'),
(91, 18, 9, 220, 25.4, 216, '2019-03-05 08:07:41'),
(92, 18, 10, 220, 25.3, 216, '2019-03-05 08:07:41'),
(93, 18, 11, 220, 25.3, 216, '2019-03-05 08:07:41'),
(94, 18, 12, 220, 25.4, 216, '2019-03-05 08:07:41'),
(95, 18, 13, 220, 25.4, 216, '2019-03-05 08:07:41'),
(96, 18, 14, 220, 25.4, 216, '2019-03-05 08:07:41'),
(97, 18, 15, 220, 25.4, 216, '2019-03-05 08:07:41'),
(98, 18, 16, 220, 25.4, 216, '2019-03-05 08:07:41'),
(99, 18, 17, 220, 25.5, 216, '2019-03-05 08:07:42'),
(100, 18, 18, 220, 25.4, 216, '2019-03-05 08:07:42'),
(101, 18, 19, 220, 25.4, 216, '2019-03-05 08:07:42'),
(102, 18, 20, 220, 25.3, 216, '2019-03-05 08:07:42'),
(103, 18, 21, 220, 25.4, 216, '2019-03-05 08:07:42'),
(104, 18, 22, 220, 25.7, 216, '2019-03-05 08:07:42'),
(105, 19, 23, 220, 25.2, 216, '2019-03-05 08:08:48'),
(106, 19, 24, 220, 25.3, 216, '2019-03-05 08:08:48'),
(107, 19, 25, 220, 25.4, 216, '2019-03-05 08:08:48'),
(108, 19, 26, 220, 25.5, 216, '2019-03-05 08:08:48'),
(109, 19, 27, 220, 25.5, 216, '2019-03-05 08:08:48'),
(110, 19, 28, 220, 25.3, 216, '2019-03-05 08:08:48'),
(111, 19, 29, 220, 25.2, 216, '2019-03-05 08:08:48'),
(112, 19, 30, 220, 25.3, 216, '2019-03-05 08:08:48'),
(113, 19, 31, 220, 25.4, 216, '2019-03-05 08:08:48'),
(114, 19, 32, 220, 25.2, 216, '2019-03-05 08:08:48'),
(115, 19, 33, 220, 25.4, 216, '2019-03-05 08:08:48'),
(116, 19, 34, 220, 25.4, 216, '2019-03-05 08:08:48'),
(117, 19, 35, 220, 25.5, 216, '2019-03-05 08:08:48'),
(118, 19, 36, 220, 25.4, 216, '2019-03-05 08:08:48'),
(119, 19, 37, 220, 25.3, 216, '2019-03-05 08:08:48'),
(120, 19, 38, 220, 25.3, 216, '2019-03-05 08:08:48'),
(121, 19, 39, 220, 25.3, 216, '2019-03-05 08:08:48'),
(122, 19, 40, 220, 25.3, 216, '2019-03-05 08:08:48'),
(123, 19, 41, 220, 25.5, 216, '2019-03-05 08:08:48'),
(124, 19, 42, 220, 86.3, 216, '2019-03-05 08:08:48'),
(125, 20, 43, 220, 86.2, 216, '2019-03-05 08:09:43'),
(126, 20, 44, 220, 86.4, 216, '2019-03-05 08:09:43'),
(127, 20, 45, 220, 86.5, 216, '2019-03-05 08:09:43'),
(128, 20, 46, 220, 86.4, 216, '2019-03-05 08:09:43'),
(129, 20, 47, 220, 86.4, 216, '2019-03-05 08:09:43'),
(130, 20, 48, 220, 86.7, 216, '2019-03-05 08:09:43'),
(131, 20, 49, 220, 86.1, 216, '2019-03-05 08:09:43'),
(132, 20, 50, 220, 86.4, 216, '2019-03-05 08:09:43'),
(133, 20, 51, 220, 86.4, 216, '2019-03-05 08:09:43'),
(134, 20, 52, 220, 86.3, 216, '2019-03-05 08:09:43'),
(135, 20, 53, 220, 86.6, 216, '2019-03-05 08:09:43'),
(136, 20, 54, 220, 86.5, 216, '2019-03-05 08:09:43'),
(137, 20, 55, 220, 86.2, 216, '2019-03-05 08:09:43'),
(138, 20, 56, 220, 86.5, 216, '2019-03-05 08:09:43'),
(139, 20, 57, 220, 14.45, 216, '2019-03-05 08:09:43'),
(140, 20, 58, 220, 14.4, 216, '2019-03-05 08:09:43'),
(141, 20, 59, 220, 14.4, 216, '2019-03-05 08:09:43'),
(142, 20, 60, 220, 14.3, 216, '2019-03-05 08:09:43'),
(143, 20, 61, 220, 14.4, 216, '2019-03-05 08:09:43'),
(144, 20, 62, 220, 14.3, 216, '2019-03-05 08:09:43'),
(145, 20, 63, 220, 14.45, 216, '2019-03-05 08:09:43'),
(146, 21, 64, 220, 14.3, 216, '2019-03-05 08:10:19'),
(147, 21, 65, 220, 14.4, 216, '2019-03-05 08:10:19'),
(148, 21, 66, 220, 14.4, 216, '2019-03-05 08:10:19'),
(149, 21, 67, 220, 14.4, 216, '2019-03-05 08:10:19'),
(150, 21, 68, 220, 14.1, 216, '2019-03-05 08:10:19'),
(151, 21, 69, 220, 14.4, 216, '2019-03-05 08:10:19'),
(152, 21, 70, 220, 14.3, 216, '2019-03-05 08:10:19'),
(153, 21, 71, 220, 14.2, 216, '2019-03-05 08:10:19'),
(154, 21, 72, 220, 14.1, 216, '2019-03-05 08:10:19'),
(155, 21, 73, 220, 14.2, 216, '2019-03-05 08:10:19'),
(156, 21, 74, 220, 14.5, 216, '2019-03-05 08:10:19'),
(157, 21, 75, 220, 14.3, 216, '2019-03-05 08:10:19'),
(158, 21, 77, 220, 25.2, 216, '2019-03-05 08:10:19'),
(159, 21, 76, 220, 14.4, 216, '2019-03-05 08:10:19'),
(160, 3, 3, 222, 25.4, 222, '2019-03-05 08:30:16'),
(161, 3, 4, 222, 25.4, 222, '2019-03-05 08:30:16'),
(162, 3, 5, 222, 25.5, 222, '2019-03-05 08:30:16'),
(163, 3, 6, 222, 25.1, 222, '2019-03-05 08:30:16'),
(164, 3, 7, 222, 25.4, 222, '2019-03-05 08:30:16'),
(165, 3, 8, 222, 25.5, 222, '2019-03-05 08:30:16'),
(166, 3, 9, 222, 25.4, 222, '2019-03-05 08:30:16'),
(167, 3, 10, 222, 25.3, 222, '2019-03-05 08:30:16'),
(168, 3, 11, 222, 25.3, 222, '2019-03-05 08:30:16'),
(169, 3, 12, 222, 25.4, 222, '2019-03-05 08:30:16'),
(170, 3, 13, 222, 25.4, 222, '2019-03-05 08:30:16'),
(171, 3, 14, 222, 25.4, 222, '2019-03-05 08:30:16'),
(172, 3, 15, 222, 25.4, 222, '2019-03-05 08:30:16'),
(173, 3, 16, 222, 25.4, 222, '2019-03-05 08:30:16'),
(174, 3, 17, 222, 25.5, 222, '2019-03-05 08:30:16'),
(175, 3, 18, 222, 25.4, 222, '2019-03-05 08:30:16'),
(176, 3, 19, 222, 25.4, 222, '2019-03-05 08:30:16'),
(177, 3, 20, 222, 25.3, 222, '2019-03-05 08:30:16'),
(178, 3, 21, 222, 25.4, 222, '2019-03-05 08:30:16'),
(179, 3, 22, 222, 25.7, 222, '2019-03-05 08:30:16'),
(180, 3, 23, 222, 25.2, 222, '2019-03-05 08:30:16'),
(181, 3, 24, 222, 25.3, 222, '2019-03-05 08:30:16'),
(182, 3, 25, 222, 25.4, 222, '2019-03-05 08:30:16'),
(183, 3, 26, 222, 25.5, 222, '2019-03-05 08:30:16'),
(184, 3, 27, 222, 25.5, 222, '2019-03-05 08:30:16'),
(185, 3, 28, 222, 25.3, 222, '2019-03-05 08:30:16'),
(186, 3, 29, 222, 25.2, 222, '2019-03-05 08:30:16'),
(187, 3, 30, 222, 25.3, 222, '2019-03-05 08:30:16'),
(188, 3, 31, 222, 25.4, 222, '2019-03-05 08:30:16'),
(189, 3, 32, 222, 25.2, 222, '2019-03-05 08:30:16'),
(190, 3, 33, 222, 25.4, 222, '2019-03-05 08:30:16'),
(191, 3, 34, 222, 25.4, 222, '2019-03-05 08:30:16'),
(192, 3, 35, 222, 25.5, 222, '2019-03-05 08:30:16'),
(193, 3, 36, 222, 25.4, 222, '2019-03-05 08:30:16'),
(194, 3, 37, 222, 25.3, 222, '2019-03-05 08:30:16'),
(195, 3, 38, 222, 25.3, 222, '2019-03-05 08:30:16'),
(196, 3, 39, 222, 25.3, 222, '2019-03-05 08:30:16'),
(197, 3, 40, 222, 25.3, 222, '2019-03-05 08:30:16'),
(198, 3, 41, 222, 25.5, 222, '2019-03-05 08:30:16'),
(199, 3, 42, 222, 86.3, 222, '2019-03-05 08:30:16'),
(200, 3, 43, 222, 86.2, 222, '2019-03-05 08:30:16'),
(201, 3, 44, 222, 86.4, 222, '2019-03-05 08:30:16'),
(202, 3, 45, 222, 86.5, 222, '2019-03-05 08:30:16'),
(203, 3, 46, 222, 86.4, 222, '2019-03-05 08:30:16'),
(204, 3, 47, 222, 86.4, 222, '2019-03-05 08:30:16'),
(205, 3, 48, 222, 86.7, 222, '2019-03-05 08:30:16'),
(206, 3, 49, 222, 86.1, 222, '2019-03-05 08:30:16'),
(207, 3, 50, 222, 86.4, 222, '2019-03-05 08:30:16'),
(208, 3, 51, 222, 86.4, 222, '2019-03-05 08:30:16'),
(209, 3, 52, 222, 86.3, 222, '2019-03-05 08:30:16'),
(210, 3, 53, 222, 86.6, 222, '2019-03-05 08:30:16'),
(211, 3, 54, 222, 86.5, 222, '2019-03-05 08:30:16'),
(212, 3, 55, 222, 86.2, 222, '2019-03-05 08:30:16'),
(213, 3, 56, 222, 86.5, 222, '2019-03-05 08:30:16'),
(214, 3, 57, 222, 14.45, 222, '2019-03-05 08:30:16'),
(215, 3, 59, 222, 14.4, 222, '2019-03-05 08:30:16'),
(216, 3, 58, 222, 14.4, 222, '2019-03-05 08:30:16'),
(217, 3, 60, 222, 14.3, 222, '2019-03-05 08:30:16'),
(218, 3, 61, 222, 14.4, 222, '2019-03-05 08:30:16'),
(219, 3, 62, 222, 14.3, 222, '2019-03-05 08:30:16'),
(220, 3, 63, 222, 14.45, 222, '2019-03-05 08:30:16'),
(221, 3, 64, 222, 14.3, 222, '2019-03-05 08:30:16'),
(222, 3, 65, 222, 14.4, 222, '2019-03-05 08:30:16'),
(223, 3, 66, 222, 14.4, 222, '2019-03-05 08:30:16'),
(224, 3, 67, 222, 14.4, 222, '2019-03-05 08:30:16'),
(225, 3, 68, 222, 14.1, 222, '2019-03-05 08:30:16'),
(226, 3, 69, 222, 14.4, 222, '2019-03-05 08:30:16'),
(227, 3, 70, 222, 14.3, 222, '2019-03-05 08:30:16'),
(228, 3, 71, 222, 14.2, 222, '2019-03-05 08:30:16'),
(229, 3, 72, 222, 14.1, 222, '2019-03-05 08:30:16'),
(230, 3, 73, 222, 14.2, 222, '2019-03-05 08:30:16'),
(231, 3, 74, 222, 14.5, 222, '2019-03-05 08:30:16'),
(232, 3, 75, 222, 14.3, 222, '2019-03-05 08:30:16'),
(233, 3, 76, 222, 14.4, 222, '2019-03-05 08:30:16'),
(234, 3, 77, 222, 25.2, 222, '2019-03-05 08:30:16'),
(235, 3, 29, 223, 25.2, 222, '2019-03-06 00:00:00'),
(236, 4, 75, 224, 14.3, 222, '2019-03-06 00:00:00'),
(237, 5, 34, 225, 25.4, 222, '2019-03-06 00:00:00'),
(238, 5, 20, 225, 25.3, 222, '2019-03-06 00:00:00'),
(239, 6, 26, 226, 25.5, 222, '2019-03-06 00:00:00'),
(240, 7, 10, 227, 25.3, 222, '2019-03-06 00:00:00'),
(241, 8, 27, 228, 25.5, 222, '2019-03-06 00:00:00'),
(242, 9, 13, 229, 25.4, 222, '2019-03-06 00:00:00'),
(243, 9, 38, 229, 25.3, 222, '2019-03-06 00:00:00'),
(244, 9, 3, 229, 25.4, 222, '2019-03-06 00:00:00'),
(245, 10, 25, 230, 25.4, 222, '2019-03-06 00:00:00'),
(246, 11, 4, 231, 25.4, 222, '2019-03-06 00:00:00'),
(247, 12, 31, 283, 25.4, 222, '2019-03-06 00:00:00'),
(248, 13, 56, 233, 86.5, 222, '2019-03-06 00:00:00'),
(249, 14, 15, 234, 25.4, 222, '2019-03-06 00:00:00'),
(250, 15, 16, 235, 25.4, 222, '2019-03-06 00:00:00'),
(251, 16, 18, 225, 25.4, 222, '2019-01-26 00:00:00'),
(252, 16, 12, 225, 25.4, 222, '2019-01-26 00:00:00'),
(253, 37, 78, 216, 25.2, 216, '2019-01-26 00:00:00'),
(254, 37, 79, 216, 25.4, 216, '2019-01-26 00:00:00'),
(255, 37, 80, 216, 25.35, 216, '2019-01-26 00:00:00'),
(256, 37, 81, 216, 25.25, 216, '2019-01-26 00:00:00'),
(257, 37, 82, 216, 25.35, 216, '2019-01-26 00:00:00'),
(258, 37, 83, 216, 25.5, 216, '2019-01-26 00:00:00'),
(259, 37, 84, 216, 25.4, 216, '2019-01-26 00:00:00'),
(260, 37, 85, 216, 25.3, 216, '2019-01-26 00:00:00'),
(261, 37, 86, 216, 25.3, 216, '2019-01-26 00:00:00'),
(262, 37, 87, 216, 28.38, 216, '2019-01-26 00:00:00'),
(263, 37, 88, 216, 25.5, 216, '2019-01-26 00:00:00'),
(264, 37, 89, 216, 25.4, 216, '2019-01-26 00:00:00'),
(265, 38, 90, 216, 25.4, 216, '2019-01-26 00:00:00'),
(266, 38, 91, 216, 25.4, 216, '2019-01-26 00:00:00'),
(267, 38, 92, 216, 25.4, 216, '2019-01-26 00:00:00'),
(268, 38, 93, 216, 25.35, 216, '2019-01-26 00:00:00'),
(269, 38, 94, 216, 25.45, 216, '2019-01-26 00:00:00'),
(270, 38, 96, 216, 25.4, 216, '2019-01-26 00:00:00'),
(271, 38, 95, 216, 25.4, 216, '2019-01-26 00:00:00'),
(272, 38, 97, 216, 25.3, 216, '2019-01-26 00:00:00'),
(273, 17, 53, 284, 86.6, 222, '2019-01-26 00:00:00'),
(274, 17, 54, 284, 86.5, 222, '2019-01-26 00:00:00'),
(275, 40, 78, 220, 25.2, 216, '2019-01-26 00:00:00'),
(276, 40, 79, 220, 25.4, 216, '2019-01-26 00:00:00'),
(277, 40, 80, 220, 25.35, 216, '2019-01-26 00:00:00'),
(278, 40, 81, 220, 25.25, 216, '2019-01-26 00:00:00'),
(279, 40, 82, 220, 25.35, 216, '2019-01-26 00:00:00'),
(280, 40, 83, 220, 25.5, 216, '2019-01-26 00:00:00'),
(281, 40, 84, 220, 25.4, 216, '2019-01-26 00:00:00'),
(282, 40, 85, 220, 25.3, 216, '2019-01-26 00:00:00'),
(283, 40, 86, 220, 25.3, 216, '2019-01-26 00:00:00'),
(284, 40, 87, 220, 28.38, 216, '2019-01-26 00:00:00'),
(285, 40, 88, 220, 25.5, 216, '2019-01-26 00:00:00'),
(286, 40, 89, 220, 25.4, 216, '2019-01-26 00:00:00'),
(287, 40, 90, 220, 25.4, 216, '2019-01-26 00:00:00'),
(288, 40, 91, 220, 25.4, 216, '2019-01-26 00:00:00'),
(289, 40, 92, 220, 25.4, 216, '2019-01-26 00:00:00'),
(290, 40, 93, 220, 25.35, 216, '2019-01-26 00:00:00'),
(291, 40, 94, 220, 25.45, 216, '2019-01-26 00:00:00'),
(292, 40, 95, 220, 25.4, 216, '2019-01-26 00:00:00'),
(293, 40, 96, 220, 25.4, 216, '2019-01-26 00:00:00'),
(294, 40, 97, 220, 25.3, 216, '2019-01-26 00:00:00'),
(295, 18, 41, 268, 25.5, 222, '2019-01-26 00:00:00'),
(296, 19, 32, 236, 25.2, 222, '2019-01-26 00:00:00'),
(297, 20, 22, 286, 25.7, 222, '2019-01-26 00:00:00'),
(298, 21, 37, 237, 25.3, 222, '2019-01-26 00:00:00'),
(299, 22, 23, 238, 25.2, 222, '2019-01-26 00:00:00'),
(300, 22, 48, 238, 86.7, 222, '2019-01-26 00:00:00'),
(301, 9, 3, 222, 13.6, 229, '2019-01-26 00:00:00'),
(302, 11, 4, 222, 13.6, 231, '2019-01-26 00:00:00'),
(303, 7, 10, 222, 13.5, 227, '2019-01-26 00:00:00'),
(304, 16, 12, 222, 13.6, 225, '2019-01-26 00:00:00'),
(305, 9, 13, 222, 13.6, 229, '2019-01-26 00:00:00'),
(306, 14, 15, 222, 13.6, 234, '2019-01-26 00:00:00'),
(307, 15, 16, 222, 13.6, 235, '2019-01-26 00:00:00'),
(308, 16, 18, 222, 13.6, 225, '2019-01-26 00:00:00'),
(309, 5, 20, 222, 13.5, 225, '2019-01-26 00:00:00'),
(310, 20, 22, 222, 13.8, 286, '2019-01-26 00:00:00'),
(311, 22, 23, 222, 13.4, 238, '2019-01-26 00:00:00'),
(312, 10, 25, 222, 13.6, 230, '2019-01-26 00:00:00'),
(313, 6, 26, 222, 13.6, 226, '2019-01-26 00:00:00'),
(314, 8, 27, 222, 13.7, 228, '2019-01-26 00:00:00'),
(315, 3, 29, 222, 13.4, 223, '2019-01-26 00:00:00'),
(316, 12, 31, 222, 13.6, 283, '2019-01-26 00:00:00'),
(317, 19, 32, 222, 13.4, 236, '2019-01-26 00:00:00'),
(318, 5, 34, 222, 13.6, 225, '2019-01-26 00:00:00'),
(319, 21, 37, 222, 13.5, 237, '2019-01-26 00:00:00'),
(320, 9, 38, 222, 13.5, 229, '2019-01-26 00:00:00'),
(321, 18, 41, 222, 13.6, 268, '2019-01-26 00:00:00'),
(322, 22, 48, 222, 41.3, 238, '2019-01-26 00:00:00'),
(323, 17, 53, 222, 41.2, 284, '2019-01-26 00:00:00'),
(324, 17, 54, 222, 41.1, 284, '2019-01-26 00:00:00'),
(325, 13, 56, 222, 41.1, 233, '2019-01-26 00:00:00'),
(326, 4, 75, 222, 8.38, 224, '2019-01-26 00:00:00'),
(327, 72, 29, 220, 13.4, 222, '2019-01-26 00:00:00'),
(328, 72, 75, 220, 8.38, 222, '2019-01-26 00:00:00'),
(329, 72, 34, 220, 13.6, 222, '2019-01-26 00:00:00'),
(330, 72, 20, 220, 13.5, 222, '2019-01-26 00:00:00'),
(331, 72, 26, 220, 13.6, 222, '2019-01-26 00:00:00'),
(332, 72, 10, 220, 13.5, 222, '2019-01-26 00:00:00'),
(333, 4, 10, 222, 13.5, 220, '2019-01-26 00:00:00'),
(334, 4, 20, 222, 13.5, 220, '2019-01-26 00:00:00'),
(335, 4, 26, 222, 13.6, 220, '2019-01-26 00:00:00'),
(336, 4, 29, 222, 13.4, 220, '2019-01-26 00:00:00'),
(337, 4, 34, 222, 13.6, 220, '2019-01-26 00:00:00'),
(338, 4, 75, 222, 8.38, 220, '2019-01-26 00:00:00'),
(339, 4, 78, 222, 25.2, 220, '2019-01-26 00:00:00'),
(340, 4, 79, 222, 25.4, 220, '2019-01-26 00:00:00'),
(341, 4, 80, 222, 25.35, 220, '2019-01-26 00:00:00'),
(342, 4, 81, 222, 25.25, 220, '2019-01-26 00:00:00'),
(343, 4, 82, 222, 25.35, 220, '2019-01-26 00:00:00'),
(344, 4, 83, 222, 25.5, 220, '2019-01-26 00:00:00'),
(345, 4, 84, 222, 25.4, 220, '2019-01-26 00:00:00'),
(346, 4, 85, 222, 25.3, 220, '2019-01-26 00:00:00'),
(347, 4, 86, 222, 25.3, 220, '2019-01-26 00:00:00'),
(348, 4, 87, 222, 28.38, 220, '2019-01-26 00:00:00'),
(349, 4, 88, 222, 25.5, 220, '2019-01-26 00:00:00'),
(350, 4, 89, 222, 25.4, 220, '2019-01-26 00:00:00'),
(351, 4, 90, 222, 25.4, 220, '2019-01-26 00:00:00'),
(352, 4, 91, 222, 25.4, 220, '2019-01-26 00:00:00'),
(353, 4, 92, 222, 25.4, 220, '2019-01-26 00:00:00'),
(354, 4, 93, 222, 25.35, 220, '2019-01-26 00:00:00'),
(355, 4, 94, 222, 25.45, 220, '2019-01-26 00:00:00'),
(356, 4, 95, 222, 25.4, 220, '2019-01-26 00:00:00'),
(357, 4, 96, 222, 25.4, 220, '2019-01-26 00:00:00'),
(358, 4, 97, 222, 25.3, 220, '2019-01-26 00:00:00'),
(359, 74, 34, 220, 13.6, 222, '2019-01-27 00:00:00'),
(360, 75, 29, 220, 13.4, 222, '2019-01-27 00:00:00'),
(361, 23, 96, 239, 25.4, 222, '2019-01-27 00:00:00'),
(362, 24, 96, 239, 25.4, 222, '2019-01-27 00:00:00'),
(363, 78, 75, 220, 8.38, 222, '2019-01-27 00:00:00'),
(364, 79, 56, 220, 41.1, 222, '2019-01-27 00:00:00'),
(365, 79, 54, 220, 41.1, 222, '2019-01-27 00:00:00'),
(366, 79, 53, 220, 41.2, 222, '2019-01-27 00:00:00'),
(367, 79, 48, 220, 41.3, 222, '2019-01-27 00:00:00'),
(368, 79, 41, 220, 13.6, 222, '2019-01-27 00:00:00'),
(369, 79, 38, 220, 13.5, 222, '2019-01-27 00:00:00'),
(370, 79, 37, 220, 13.5, 222, '2019-01-27 00:00:00'),
(371, 79, 32, 220, 13.4, 222, '2019-01-27 00:00:00'),
(372, 79, 31, 220, 13.6, 222, '2019-01-27 00:00:00'),
(373, 79, 27, 220, 13.7, 222, '2019-01-27 00:00:00'),
(374, 79, 26, 220, 13.6, 222, '2019-01-27 00:00:00'),
(375, 79, 25, 220, 13.6, 222, '2019-01-27 00:00:00'),
(376, 79, 23, 220, 13.4, 222, '2019-01-27 00:00:00'),
(377, 79, 22, 220, 13.8, 222, '2019-01-27 00:00:00'),
(378, 79, 20, 220, 13.5, 222, '2019-01-27 00:00:00'),
(379, 79, 18, 220, 13.6, 222, '2019-01-27 00:00:00'),
(380, 79, 16, 220, 13.6, 222, '2019-01-27 00:00:00'),
(381, 79, 15, 220, 13.6, 222, '2019-01-27 00:00:00'),
(382, 79, 13, 220, 13.6, 222, '2019-01-27 00:00:00'),
(383, 79, 12, 220, 13.6, 222, '2019-01-27 00:00:00'),
(384, 79, 10, 220, 13.5, 222, '2019-01-27 00:00:00'),
(385, 79, 4, 220, 13.6, 222, '2019-01-27 00:00:00'),
(386, 79, 3, 220, 13.6, 222, '2019-01-27 00:00:00'),
(387, 3, 3, 216, 13.6, 222, '2019-01-27 00:00:00'),
(388, 3, 4, 216, 13.6, 222, '2019-01-27 00:00:00'),
(389, 4, 10, 216, 13.5, 222, '2019-01-27 00:00:00'),
(390, 3, 12, 216, 13.6, 222, '2019-01-27 00:00:00'),
(391, 3, 13, 216, 13.6, 222, '2019-01-27 00:00:00'),
(392, 3, 15, 216, 13.6, 222, '2019-01-27 00:00:00'),
(393, 3, 16, 216, 13.6, 222, '2019-01-27 00:00:00'),
(394, 3, 18, 216, 13.6, 222, '2019-01-27 00:00:00'),
(395, 4, 20, 216, 13.5, 222, '2019-01-27 00:00:00'),
(396, 3, 22, 216, 13.8, 222, '2019-01-27 00:00:00'),
(397, 3, 23, 216, 13.4, 222, '2019-01-27 00:00:00'),
(398, 3, 25, 216, 13.6, 222, '2019-01-27 00:00:00'),
(399, 4, 26, 216, 13.6, 222, '2019-01-27 00:00:00'),
(400, 3, 27, 216, 13.7, 222, '2019-01-27 00:00:00'),
(401, 4, 29, 216, 13.4, 222, '2019-01-27 00:00:00'),
(402, 3, 31, 216, 13.6, 222, '2019-01-27 00:00:00'),
(403, 3, 32, 216, 13.4, 222, '2019-01-27 00:00:00'),
(404, 4, 34, 216, 13.6, 222, '2019-01-27 00:00:00'),
(405, 3, 37, 216, 13.5, 222, '2019-01-27 00:00:00'),
(406, 3, 38, 216, 13.5, 222, '2019-01-27 00:00:00'),
(407, 3, 41, 216, 13.6, 222, '2019-01-27 00:00:00'),
(408, 3, 48, 216, 41.3, 222, '2019-01-27 00:00:00'),
(409, 3, 53, 216, 41.2, 222, '2019-01-27 00:00:00'),
(410, 3, 54, 216, 41.1, 222, '2019-01-27 00:00:00'),
(411, 3, 56, 216, 41.1, 222, '2019-01-27 00:00:00'),
(412, 4, 75, 216, 8.38, 222, '2019-01-27 00:00:00'),
(413, 24, 96, 222, 13.6, 239, '2019-01-27 00:00:00'),
(414, 107, 96, 220, 13.6, 222, '2019-01-27 00:00:00'),
(415, 4, 96, 216, 13.6, 222, '2019-01-27 00:00:00'),
(416, 25, 36, 240, 25.4, 222, '2019-01-27 00:00:00'),
(417, 26, 11, 241, 25.3, 222, '2019-01-27 00:00:00'),
(418, 26, 33, 241, 25.4, 222, '2019-01-27 00:00:00'),
(419, 26, 35, 241, 25.5, 222, '2019-01-27 00:00:00'),
(420, 27, 81, 249, 25.25, 222, '2019-01-27 00:00:00'),
(421, 27, 82, 249, 25.35, 222, '2019-01-27 00:00:00'),
(422, 28, 89, 242, 25.4, 222, '2019-01-27 00:00:00'),
(423, 29, 85, 245, 25.3, 222, '2019-01-27 00:00:00'),
(424, 30, 28, 238, 25.3, 222, '2019-01-27 00:00:00'),
(425, 30, 14, 238, 25.4, 222, '2019-01-27 00:00:00'),
(426, 30, 19, 238, 25.4, 222, '2019-01-27 00:00:00'),
(427, 27, 81, 222, 14.55, 249, '2019-01-27 00:00:00'),
(428, 27, 82, 222, 13.9, 249, '2019-01-27 00:00:00'),
(429, 30, 28, 222, 13.6, 238, '2019-01-27 00:00:00'),
(430, 30, 14, 222, 13.65, 238, '2019-01-27 00:00:00'),
(431, 31, 51, 309, 86.4, 222, '2019-01-27 00:00:00'),
(432, 32, 95, 243, 25.4, 222, '2019-01-27 00:00:00'),
(433, 32, 93, 243, 25.4, 222, '2019-01-27 00:00:00'),
(434, 32, 92, 243, 25.4, 222, '2019-01-27 00:00:00'),
(435, 32, 86, 243, 25.3, 222, '2019-01-27 00:00:00'),
(436, 32, 91, 243, 25.4, 222, '2019-01-27 00:00:00'),
(437, 32, 78, 243, 25.2, 222, '2019-01-27 00:00:00'),
(438, 32, 80, 243, 25.35, 222, '2019-01-27 00:00:00'),
(439, 121, 98, 216, 25.3, 216, '2019-01-27 00:00:00'),
(440, 121, 99, 216, 25.3, 216, '2019-01-27 00:00:00'),
(441, 121, 100, 216, 25.8, 216, '2019-01-27 00:00:00'),
(442, 121, 101, 216, 25.3, 216, '2019-01-27 00:00:00'),
(443, 121, 102, 216, 25.35, 216, '2019-01-27 00:00:00'),
(444, 121, 103, 216, 25.4, 216, '2019-01-27 00:00:00'),
(445, 121, 104, 216, 25.3, 216, '2019-01-27 00:00:00'),
(446, 121, 105, 216, 25.4, 216, '2019-01-27 00:00:00'),
(447, 121, 106, 216, 25.4, 216, '2019-01-27 00:00:00'),
(448, 121, 107, 216, 25.2, 216, '2019-01-27 00:00:00'),
(449, 33, 84, 244, 25.4, 222, '2019-01-27 00:00:00'),
(450, 33, 5, 244, 25.5, 222, '2019-01-27 00:00:00'),
(451, 33, 97, 244, 25.3, 222, '2019-01-27 00:00:00'),
(452, 33, 90, 244, 25.4, 222, '2019-01-27 00:00:00'),
(453, 33, 87, 244, 28.38, 222, '2019-01-27 00:00:00'),
(454, 33, 79, 244, 25.4, 222, '2019-01-27 00:00:00'),
(455, 33, 83, 244, 25.5, 222, '2019-01-27 00:00:00'),
(456, 33, 94, 244, 25.45, 222, '2019-01-27 00:00:00'),
(457, 33, 88, 244, 25.5, 222, '2019-01-27 00:00:00'),
(458, 123, 137, 216, 25.4, 216, '2019-01-27 00:00:00'),
(459, 124, 137, 220, 25.4, 216, '2019-01-27 00:00:00'),
(460, 124, 107, 220, 25.2, 216, '2019-01-27 00:00:00'),
(461, 125, 108, 216, 25.2, 216, '2019-01-27 00:00:00'),
(462, 125, 109, 216, 25.4, 216, '2019-01-27 00:00:00'),
(463, 125, 110, 216, 25.2, 216, '2019-01-27 00:00:00'),
(464, 125, 111, 216, 25.4, 216, '2019-01-27 00:00:00'),
(465, 125, 112, 216, 25.3, 216, '2019-01-27 00:00:00'),
(466, 125, 113, 216, 25.4, 216, '2019-01-27 00:00:00'),
(467, 125, 114, 216, 25.4, 216, '2019-01-27 00:00:00'),
(468, 125, 115, 216, 25.4, 216, '2019-01-27 00:00:00'),
(469, 126, 117, 216, 25.5, 216, '2019-01-27 00:00:00'),
(470, 126, 118, 216, 25.4, 216, '2019-01-27 00:00:00'),
(471, 126, 119, 216, 25.3, 216, '2019-01-27 00:00:00'),
(472, 126, 120, 216, 25.4, 216, '2019-01-27 00:00:00'),
(473, 126, 121, 216, 25.3, 216, '2019-01-27 00:00:00'),
(474, 126, 122, 216, 25.4, 216, '2019-01-27 00:00:00'),
(475, 126, 123, 216, 25.2, 216, '2019-01-27 00:00:00'),
(476, 126, 124, 216, 25.3, 216, '2019-01-27 00:00:00'),
(477, 126, 125, 216, 25.4, 216, '2019-01-27 00:00:00'),
(478, 126, 126, 216, 25.3, 216, '2019-01-27 00:00:00'),
(479, 126, 127, 216, 25.5, 216, '2019-01-27 00:00:00'),
(480, 126, 128, 216, 25.4, 216, '2019-01-27 00:00:00'),
(481, 126, 129, 216, 25.4, 216, '2019-01-27 00:00:00'),
(482, 126, 130, 216, 25.3, 216, '2019-01-27 00:00:00'),
(483, 126, 131, 216, 25.2, 216, '2019-01-27 00:00:00'),
(484, 126, 132, 216, 25.5, 216, '2019-01-27 00:00:00'),
(485, 126, 133, 216, 25.4, 216, '2019-01-27 00:00:00'),
(486, 126, 134, 216, 25.4, 216, '2019-01-27 00:00:00'),
(487, 126, 135, 216, 25.4, 216, '2019-01-27 00:00:00'),
(488, 126, 136, 216, 25.4, 216, '2019-01-27 00:00:00'),
(489, 127, 98, 220, 25.3, 216, '2019-01-27 00:00:00'),
(490, 127, 99, 220, 25.3, 216, '2019-01-27 00:00:00'),
(491, 127, 100, 220, 25.8, 216, '2019-01-27 00:00:00'),
(492, 127, 101, 220, 25.3, 216, '2019-01-27 00:00:00'),
(493, 127, 102, 220, 25.35, 216, '2019-01-27 00:00:00'),
(494, 127, 103, 220, 25.4, 216, '2019-01-27 00:00:00'),
(495, 127, 104, 220, 25.3, 216, '2019-01-27 00:00:00'),
(496, 127, 105, 220, 25.4, 216, '2019-01-27 00:00:00'),
(497, 127, 106, 220, 25.4, 216, '2019-01-27 00:00:00'),
(498, 127, 108, 220, 25.2, 216, '2019-01-27 00:00:00'),
(499, 127, 109, 220, 25.4, 216, '2019-01-27 00:00:00'),
(500, 127, 110, 220, 25.2, 216, '2019-01-27 00:00:00'),
(501, 127, 111, 220, 25.4, 216, '2019-01-27 00:00:00'),
(502, 127, 112, 220, 25.3, 216, '2019-01-27 00:00:00'),
(503, 127, 113, 220, 25.4, 216, '2019-01-27 00:00:00'),
(504, 127, 114, 220, 25.4, 216, '2019-01-27 00:00:00'),
(505, 127, 115, 220, 25.4, 216, '2019-01-27 00:00:00'),
(506, 127, 117, 220, 25.5, 216, '2019-01-27 00:00:00'),
(507, 127, 118, 220, 25.4, 216, '2019-01-27 00:00:00'),
(508, 127, 119, 220, 25.3, 216, '2019-01-27 00:00:00'),
(509, 127, 120, 220, 25.4, 216, '2019-01-27 00:00:00'),
(510, 127, 121, 220, 25.3, 216, '2019-01-27 00:00:00'),
(511, 127, 122, 220, 25.4, 216, '2019-01-27 00:00:00'),
(512, 127, 123, 220, 25.2, 216, '2019-01-27 00:00:00'),
(513, 127, 124, 220, 25.3, 216, '2019-01-27 00:00:00'),
(514, 127, 125, 220, 25.4, 216, '2019-01-27 00:00:00'),
(515, 127, 126, 220, 25.3, 216, '2019-01-27 00:00:00'),
(516, 127, 127, 220, 25.5, 216, '2019-01-27 00:00:00'),
(517, 127, 128, 220, 25.4, 216, '2019-01-27 00:00:00'),
(518, 127, 129, 220, 25.4, 216, '2019-01-27 00:00:00'),
(519, 127, 130, 220, 25.3, 216, '2019-01-27 00:00:00'),
(520, 127, 131, 220, 25.2, 216, '2019-01-27 00:00:00'),
(521, 127, 132, 220, 25.5, 216, '2019-01-27 00:00:00'),
(522, 127, 133, 220, 25.4, 216, '2019-01-27 00:00:00'),
(523, 127, 134, 220, 25.4, 216, '2019-01-27 00:00:00'),
(524, 127, 135, 220, 25.4, 216, '2019-01-27 00:00:00'),
(525, 127, 136, 220, 25.4, 216, '2019-01-27 00:00:00'),
(526, 128, 138, 216, 25.4, 216, '2019-01-27 00:00:00'),
(527, 129, 138, 220, 25.4, 216, '2019-01-27 00:00:00'),
(528, 130, 4, 216, 25.8, 216, '2019-01-27 00:00:00'),
(529, 131, 4, 220, 25.8, 216, '2019-01-27 00:00:00'),
(530, 5, 4, 222, 25.8, 220, '2019-01-27 00:00:00'),
(531, 133, 3, 216, 50, 216, '2019-01-27 09:09:04'),
(532, 134, 3, 220, 50, 216, '2019-01-27 09:09:11'),
(533, 6, 3, 222, 50, 220, '2019-01-27 04:36:41'),
(534, 136, 10, 216, 20, 216, '2019-01-27 12:43:50'),
(535, 137, 12, 216, 20, 216, '2019-01-27 12:44:04'),
(536, 137, 13, 216, 20, 216, '2019-01-27 12:44:04'),
(537, 137, 15, 216, 20, 216, '2019-01-27 12:44:04'),
(538, 138, 10, 220, 20, 216, '2019-01-27 12:44:26'),
(539, 138, 12, 220, 20, 216, '2019-01-27 12:44:26'),
(540, 138, 13, 220, 20, 216, '2019-01-27 12:44:26'),
(541, 138, 15, 220, 20, 216, '2019-01-27 12:44:26'),
(542, 44, 10, 222, 17, 220, '2019-01-27 01:12:31'),
(543, 44, 12, 222, 16, 220, '2019-01-27 01:12:31'),
(544, 45, 13, 222, 16.6, 220, '2019-01-27 02:45:24'),
(545, 45, 107, 222, 25.2, 220, '2019-01-27 02:45:24'),
(546, 45, 108, 222, 22.4, 220, '2019-01-27 02:45:24'),
(547, 45, 109, 222, 25.4, 220, '2019-01-27 02:45:24'),
(548, 46, 15, 222, 20, 220, '2019-01-27 02:51:28'),
(549, 47, 98, 222, 24.5, 220, '2019-01-27 02:51:43'),
(550, 48, 99, 222, 24.4, 220, '2019-01-27 02:59:22'),
(551, 48, 100, 222, 25.8, 220, '2019-01-27 02:59:22'),
(552, 49, 101, 222, 25.3, 220, '2019-01-27 03:08:13'),
(553, 50, 101, 222, 25.3, 220, '2019-01-27 03:08:41'),
(554, 51, 101, 222, 25.3, 220, '2019-01-27 03:08:46'),
(555, 51, 102, 222, 25, 220, '2019-01-27 03:08:46'),
(556, 52, 103, 222, 25, 220, '2019-01-27 03:09:46'),
(557, 52, 104, 222, 25.3, 220, '2019-01-27 03:09:46'),
(558, 53, 105, 222, 25.4, 220, '2019-01-27 03:10:40'),
(559, 54, 110, 222, 25, 220, '2019-01-27 03:10:50'),
(560, 34, 3, 223, 50, 222, '2019-01-27 03:23:12'),
(561, 35, 6, 223, 21.3, 222, '2019-01-27 03:23:45'),
(562, 36, 4, 223, 24, 222, '2019-01-27 03:25:38'),
(563, 37, 7, 223, 25, 222, '2019-01-27 03:28:15'),
(564, 38, 8, 223, 25, 222, '2019-01-27 03:30:50'),
(565, 39, 9, 223, 25, 222, '2019-01-27 03:31:57'),
(566, 39, 10, 223, 17, 222, '2019-01-27 03:31:57'),
(567, 40, 12, 223, 14.6, 222, '2019-01-27 03:40:50'),
(568, 40, 13, 223, 14.6, 222, '2019-01-27 03:40:50'),
(569, 40, 14, 223, 25.4, 222, '2019-01-27 03:40:50'),
(570, 34, 3, 222, 18.6, 223, '2019-01-27 03:42:04'),
(571, 36, 4, 222, 21.6, 223, '2019-01-27 03:42:04'),
(572, 33, 5, 222, 16.7, 244, '2019-01-27 03:42:04'),
(573, 197, 3, 220, 18.6, 222, '2019-01-27 03:49:02'),
(574, 197, 4, 220, 21, 222, '2019-01-27 03:49:02'),
(575, 35, 6, 222, 18, 223, '2019-01-27 03:50:43'),
(576, 41, 5, 223, 24.7, 222, '2019-01-27 03:51:47'),
(577, 200, 6, 220, 17, 222, '2019-01-27 03:53:34'),
(578, 201, 17, 220, 23.5, 222, '2019-01-27 03:54:28'),
(579, 6, 3, 216, 15.6, 222, '2019-01-27 04:02:01'),
(580, 5, 4, 216, 21, 222, '2019-01-27 04:03:32'),
(581, 3, 6, 216, 17, 222, '2019-01-27 04:03:32'),
(582, 3, 17, 216, 20.7, 222, '2019-01-27 04:04:01');

-- --------------------------------------------------------

--
-- Table structure for table `cylinder_savings`
--

CREATE TABLE `cylinder_savings` (
  `ID` int(11) NOT NULL,
  `CylinderID` int(11) NOT NULL,
  `UserID` int(11) NOT NULL,
  `PurchaseID` int(11) NOT NULL,
  `SaleID` int(11) NOT NULL,
  `Savings` float NOT NULL,
  `PerformedBy` int(11) NOT NULL,
  `DateAdded` date NOT NULL,
  `DateModified` date NOT NULL
) ENGINE=InnoDB DEFAULT CHARSET=utf8mb4;

--
-- Dumping data for table `cylinder_savings`
--

INSERT INTO `cylinder_savings` (`ID`, `CylinderID`, `UserID`, `PurchaseID`, `SaleID`, `Savings`, `PerformedBy`, `DateAdded`, `DateModified`) VALUES
(2, 81, 249, 0, 27, 0.5, 222, '2019-01-27', '2019-01-27'),
(3, 3, 223, 0, 34, 4.4, 222, '2019-01-27', '2019-01-27'),
(4, 4, 223, 0, 36, 7.4, 222, '2019-01-27', '2019-01-27'),
(5, 5, 244, 0, 33, 2.3, 222, '2019-01-27', '2019-01-27'),
(6, 6, 223, 0, 35, 4.7, 222, '2019-01-27', '2019-01-27'),
(7, 3, 222, 6, 0, 2, 216, '2019-01-27', '2019-01-27'),
(8, 4, 222, 5, 0, 7.4, 216, '2019-01-27', '2019-01-27'),
(9, 6, 222, 3, 0, 3.7, 216, '2019-01-27', '2019-01-27'),
(10, 17, 222, 3, 0, 7, 216, '2019-01-27', '2019-01-27');

-- --------------------------------------------------------

--
-- Table structure for table `invoices`
--

CREATE TABLE `invoices` (
  `ID` int(11) NOT NULL,
  `IssuedTo` int(11) NOT NULL,
  `VehicleID` int(11) NOT NULL,
  `Note` text NOT NULL,
  `PerformedBy` int(11) NOT NULL,
  `DateAdded` datetime NOT NULL,
  `DateModified` datetime NOT NULL
) ENGINE=InnoDB DEFAULT CHARSET=latin1;

--
-- Dumping data for table `invoices`
--

INSERT INTO `invoices` (`ID`, `IssuedTo`, `VehicleID`, `Note`, `PerformedBy`, `DateAdded`, `DateModified`) VALUES
(11, 216, 0, 'Refilling', 216, '2019-03-05 06:59:30', '2019-03-05 06:59:30'),
(12, 216, 0, 'Refilling', 216, '2019-03-05 07:03:31', '2019-03-05 07:03:31'),
(13, 216, 0, 'Refilling', 216, '2019-03-05 07:07:06', '2019-03-05 07:07:06'),
(14, 216, 0, 'Refilling', 216, '2019-03-05 07:12:40', '2019-03-05 07:12:40'),
(15, 216, 0, 'Refilling', 216, '2019-03-05 07:17:57', '2019-03-05 07:17:57'),
(16, 216, 0, 'Refilling', 216, '2019-03-05 07:48:52', '2019-03-05 07:48:52'),
(17, 216, 0, 'Refilling', 216, '2019-03-05 08:03:14', '2019-03-05 08:03:14'),
(18, 220, 1, 'SALE OF 25-01-2019', 216, '2019-03-05 08:07:41', '2019-03-05 08:07:41'),
(19, 220, 1, 'SALE OF 25-01-2019', 216, '2019-03-05 08:08:48', '2019-03-05 08:08:48'),
(20, 220, 1, 'SALE OF 25-01-2019', 216, '2019-03-05 08:09:43', '2019-03-05 08:09:43'),
(21, 220, 1, 'SALE OF 25-01-2019', 216, '2019-03-05 08:10:19', '2019-03-05 08:10:19'),
(22, 222, 0, '25--01-2019', 222, '2019-03-05 08:30:16', '2019-03-05 08:30:16'),
(23, 223, 0, '', 222, '2019-03-06 00:00:00', '2019-03-06 00:00:00'),
(24, 224, 0, '', 222, '2019-03-06 00:00:00', '2019-03-06 00:00:00'),
(25, 225, 0, '25-01-19', 222, '2019-03-06 00:00:00', '2019-03-06 00:00:00'),
(26, 226, 0, '25-01-19', 222, '2019-03-06 00:00:00', '2019-03-06 00:00:00'),
(27, 227, 0, '25-01-19', 222, '2019-03-06 00:00:00', '2019-03-06 00:00:00'),
(28, 228, 0, '26-01-19', 222, '2019-03-06 00:00:00', '2019-03-06 00:00:00'),
(29, 229, 0, '26-01-19\r\nwe issue 3 new empty\r\nhe pay 9000', 222, '2019-03-06 00:00:00', '2019-03-06 00:00:00'),
(30, 230, 0, '26-01-19\r\nwe issue 1 new empty\r\nhe deposited 3000', 222, '2019-03-06 00:00:00', '2019-03-06 00:00:00'),
(31, 231, 0, '26-01-19', 222, '2019-03-06 00:00:00', '2019-03-06 00:00:00'),
(32, 283, 0, '26-01-19', 222, '2019-03-06 00:00:00', '2019-03-06 00:00:00'),
(33, 233, 0, '26-01-19', 222, '2019-03-06 00:00:00', '2019-03-06 00:00:00'),
(34, 234, 0, '26-01-19', 222, '2019-03-06 00:00:00', '2019-03-06 00:00:00'),
(35, 235, 0, '26-01-19', 222, '2019-03-06 00:00:00', '2019-03-06 00:00:00'),
(36, 225, 0, '26-01-19', 222, '2019-01-26 00:00:00', '2019-01-26 00:00:00'),
(37, 216, 0, 'Refilling', 216, '2019-01-26 00:00:00', '2019-01-26 00:00:00'),
(38, 216, 0, 'Refilling', 216, '2019-01-26 00:00:00', '2019-01-26 00:00:00'),
(39, 284, 0, '26-01-19', 222, '2019-01-26 00:00:00', '2019-01-26 00:00:00'),
(40, 220, 1, 'SALE OF 26-01-2019', 216, '2019-01-26 00:00:00', '2019-01-26 00:00:00'),
(41, 268, 0, '26-01-19', 222, '2019-01-26 00:00:00', '2019-01-26 00:00:00'),
(42, 236, 0, '26-01-19', 222, '2019-01-26 00:00:00', '2019-01-26 00:00:00'),
(43, 286, 0, '26-01-19', 222, '2019-01-26 00:00:00', '2019-01-26 00:00:00'),
(44, 237, 0, '', 222, '2019-01-26 00:00:00', '2019-01-26 00:00:00'),
(45, 238, 0, '', 222, '2019-01-26 00:00:00', '2019-01-26 00:00:00'),
(46, 222, 0, '', 229, '2019-01-26 00:00:00', '2019-01-26 00:00:00'),
(47, 222, 0, '', 231, '2019-01-26 00:00:00', '2019-01-26 00:00:00'),
(48, 222, 0, '', 227, '2019-01-26 00:00:00', '2019-01-26 00:00:00'),
(49, 222, 0, '', 225, '2019-01-26 00:00:00', '2019-01-26 00:00:00'),
(50, 222, 0, '', 229, '2019-01-26 00:00:00', '2019-01-26 00:00:00'),
(51, 222, 0, '', 234, '2019-01-26 00:00:00', '2019-01-26 00:00:00'),
(52, 222, 0, '', 235, '2019-01-26 00:00:00', '2019-01-26 00:00:00'),
(53, 222, 0, '', 225, '2019-01-26 00:00:00', '2019-01-26 00:00:00'),
(54, 222, 0, '', 225, '2019-01-26 00:00:00', '2019-01-26 00:00:00'),
(55, 222, 0, '', 286, '2019-01-26 00:00:00', '2019-01-26 00:00:00'),
(56, 222, 0, '', 238, '2019-01-26 00:00:00', '2019-01-26 00:00:00'),
(57, 222, 0, '', 230, '2019-01-26 00:00:00', '2019-01-26 00:00:00'),
(58, 222, 0, '', 226, '2019-01-26 00:00:00', '2019-01-26 00:00:00'),
(59, 222, 0, '', 228, '2019-01-26 00:00:00', '2019-01-26 00:00:00'),
(60, 222, 0, '', 223, '2019-01-26 00:00:00', '2019-01-26 00:00:00'),
(61, 222, 0, '', 283, '2019-01-26 00:00:00', '2019-01-26 00:00:00'),
(62, 222, 0, '', 236, '2019-01-26 00:00:00', '2019-01-26 00:00:00'),
(63, 222, 0, '', 225, '2019-01-26 00:00:00', '2019-01-26 00:00:00'),
(64, 222, 0, '', 237, '2019-01-26 00:00:00', '2019-01-26 00:00:00'),
(65, 222, 0, '', 229, '2019-01-26 00:00:00', '2019-01-26 00:00:00'),
(66, 222, 0, '', 268, '2019-01-26 00:00:00', '2019-01-26 00:00:00'),
(67, 222, 0, '', 238, '2019-01-26 00:00:00', '2019-01-26 00:00:00'),
(68, 222, 0, '', 284, '2019-01-26 00:00:00', '2019-01-26 00:00:00'),
(69, 222, 0, '', 284, '2019-01-26 00:00:00', '2019-01-26 00:00:00'),
(70, 222, 0, '', 233, '2019-01-26 00:00:00', '2019-01-26 00:00:00'),
(71, 222, 0, '', 224, '2019-01-26 00:00:00', '2019-01-26 00:00:00'),
(72, 220, 1, '25-01-19', 222, '2019-01-26 00:00:00', '2019-01-26 00:00:00'),
(73, 222, 0, '25-01-19', 222, '2019-01-26 00:00:00', '2019-01-26 00:00:00'),
(74, 220, 1, '', 222, '2019-01-27 00:00:00', '2019-01-27 00:00:00'),
(75, 220, 1, '', 222, '2019-01-27 00:00:00', '2019-01-27 00:00:00'),
(76, 239, 0, '', 222, '2019-01-27 00:00:00', '2019-01-27 00:00:00'),
(77, 239, 0, '', 222, '2019-01-27 00:00:00', '2019-01-27 00:00:00'),
(78, 220, 1, '', 222, '2019-01-27 00:00:00', '2019-01-27 00:00:00'),
(79, 220, 1, '', 222, '2019-01-27 00:00:00', '2019-01-27 00:00:00'),
(80, 216, 0, 'Empty  Received', 222, '2019-01-27 00:00:00', '2019-01-27 00:00:00'),
(81, 216, 0, 'Empty  Received', 222, '2019-01-27 00:00:00', '2019-01-27 00:00:00'),
(82, 216, 0, 'Empty  Received', 222, '2019-01-27 00:00:00', '2019-01-27 00:00:00'),
(83, 216, 0, 'Empty  Received', 222, '2019-01-27 00:00:00', '2019-01-27 00:00:00'),
(84, 216, 0, 'Empty  Received', 222, '2019-01-27 00:00:00', '2019-01-27 00:00:00'),
(85, 216, 0, 'Empty  Received', 222, '2019-01-27 00:00:00', '2019-01-27 00:00:00'),
(86, 216, 0, 'Empty  Received', 222, '2019-01-27 00:00:00', '2019-01-27 00:00:00'),
(87, 216, 0, 'Empty  Received', 222, '2019-01-27 00:00:00', '2019-01-27 00:00:00'),
(88, 216, 0, 'Empty  Received', 222, '2019-01-27 00:00:00', '2019-01-27 00:00:00'),
(89, 216, 0, 'Empty  Received', 222, '2019-01-27 00:00:00', '2019-01-27 00:00:00'),
(90, 216, 0, 'Empty  Received', 222, '2019-01-27 00:00:00', '2019-01-27 00:00:00'),
(91, 216, 0, 'Empty  Received', 222, '2019-01-27 00:00:00', '2019-01-27 00:00:00'),
(92, 216, 0, 'Empty  Received', 222, '2019-01-27 00:00:00', '2019-01-27 00:00:00'),
(93, 216, 0, 'Empty  Received', 222, '2019-01-27 00:00:00', '2019-01-27 00:00:00'),
(94, 216, 0, 'Empty  Received', 222, '2019-01-27 00:00:00', '2019-01-27 00:00:00'),
(95, 216, 0, 'Empty  Received', 222, '2019-01-27 00:00:00', '2019-01-27 00:00:00'),
(96, 216, 0, 'Empty  Received', 222, '2019-01-27 00:00:00', '2019-01-27 00:00:00'),
(97, 216, 0, 'Empty  Received', 222, '2019-01-27 00:00:00', '2019-01-27 00:00:00'),
(98, 216, 0, 'Empty  Received', 222, '2019-01-27 00:00:00', '2019-01-27 00:00:00'),
(99, 216, 0, 'Empty Received', 222, '2019-01-27 00:00:00', '2019-01-27 00:00:00'),
(100, 216, 0, 'Empty Received', 222, '2019-01-27 00:00:00', '2019-01-27 00:00:00'),
(101, 216, 0, 'Empty Received', 222, '2019-01-27 00:00:00', '2019-01-27 00:00:00'),
(102, 216, 0, 'Empty Received', 222, '2019-01-27 00:00:00', '2019-01-27 00:00:00'),
(103, 216, 0, 'Empty Received', 222, '2019-01-27 00:00:00', '2019-01-27 00:00:00'),
(104, 216, 0, 'Empty Received', 222, '2019-01-27 00:00:00', '2019-01-27 00:00:00'),
(105, 216, 0, 'Empty Received', 222, '2019-01-27 00:00:00', '2019-01-27 00:00:00'),
(106, 222, 0, '', 239, '2019-01-27 00:00:00', '2019-01-27 00:00:00'),
(107, 220, 1, '', 222, '2019-01-27 00:00:00', '2019-01-27 00:00:00'),
(108, 216, 0, 'RECEIVED', 222, '2019-01-27 00:00:00', '2019-01-27 00:00:00'),
(109, 240, 0, '', 222, '2019-01-27 00:00:00', '2019-01-27 00:00:00'),
(110, 241, 0, '', 222, '2019-01-27 00:00:00', '2019-01-27 00:00:00'),
(111, 249, 0, '27-01-19', 222, '2019-01-27 00:00:00', '2019-01-27 00:00:00'),
(112, 242, 0, '', 222, '2019-01-27 00:00:00', '2019-01-27 00:00:00'),
(113, 245, 0, '', 222, '2019-01-27 00:00:00', '2019-01-27 00:00:00'),
(114, 238, 0, '28-01-19', 222, '2019-01-27 00:00:00', '2019-01-27 00:00:00'),
(115, 222, 0, '', 249, '2019-01-27 00:00:00', '2019-01-27 00:00:00'),
(116, 222, 0, '', 249, '2019-01-27 00:00:00', '2019-01-27 00:00:00'),
(117, 222, 0, '', 238, '2019-01-27 00:00:00', '2019-01-27 00:00:00'),
(118, 222, 0, '', 238, '2019-01-27 00:00:00', '2019-01-27 00:00:00'),
(119, 309, 0, '', 222, '2019-01-27 00:00:00', '2019-01-27 00:00:00'),
(120, 243, 0, '28-01-19', 222, '2019-01-27 00:00:00', '2019-01-27 00:00:00'),
(121, 216, 0, 'Refilling', 216, '2019-01-27 00:00:00', '2019-01-27 00:00:00'),
(122, 244, 0, '28-01-19', 222, '2019-01-27 00:00:00', '2019-01-27 00:00:00'),
(123, 216, 0, 'Refilling', 216, '2019-01-27 00:00:00', '2019-01-27 00:00:00'),
(124, 220, 1, '28-01-19', 216, '2019-01-27 00:00:00', '2019-01-27 00:00:00'),
(125, 216, 0, 'Refilling', 216, '2019-01-27 00:00:00', '2019-01-27 00:00:00'),
(126, 216, 0, 'Refilling', 216, '2019-01-27 00:00:00', '2019-01-27 00:00:00'),
(127, 220, 1, '28-01-19', 216, '2019-01-27 00:00:00', '2019-01-27 00:00:00'),
(128, 216, 0, 'Refilling', 216, '2019-01-27 00:00:00', '2019-01-27 00:00:00'),
(129, 220, 1, '28-1-19', 216, '2019-01-27 00:00:00', '2019-01-27 00:00:00'),
(130, 216, 0, 'Refilling', 216, '2019-01-27 00:00:00', '2019-01-27 00:00:00'),
(131, 220, 1, '', 216, '2019-01-27 00:00:00', '2019-01-27 00:00:00'),
(132, 222, 0, '', 222, '2019-01-27 00:00:00', '2019-01-27 00:00:00'),
(133, 216, 0, 'Refilling', 216, '2019-01-27 09:09:04', '2019-01-27 09:09:04'),
(134, 220, 1, '', 216, '2019-01-27 09:09:11', '2019-01-27 09:09:11'),
(135, 222, 0, '', 222, '2019-01-27 04:36:41', '2019-01-27 04:36:41'),
(136, 216, 0, 'Refilling', 216, '2019-01-27 12:43:50', '2019-01-27 12:43:50'),
(137, 216, 0, 'Refilling', 216, '2019-01-27 12:44:04', '2019-01-27 12:44:04'),
(138, 220, 1, 'dispatching to m hashim', 216, '2019-01-27 12:44:26', '2019-01-27 12:44:26'),
(139, 222, 0, '000487 - 3 KG kam gas\r\n000504 - 4 KG Kam Gas', 222, '2019-01-27 12:51:20', '2019-01-27 12:51:20'),
(140, 222, 0, '000487 - 3 KG kam gas\r\n000504 - 4 KG Kam Gas', 222, '2019-01-27 12:51:58', '2019-01-27 12:51:58'),
(141, 222, 0, '000487 - 3 KG kam gas\r\n000504 - 4 KG Kam Gas', 222, '2019-01-27 12:52:04', '2019-01-27 12:52:04'),
(142, 222, 0, '000487 - 3 KG kam gas\r\n000504 - 4 KG Kam Gas', 222, '2019-01-27 12:52:27', '2019-01-27 12:52:27'),
(143, 222, 0, '000487 - 3 KG kam gas\r\n000504 - 4 KG Kam Gas', 222, '2019-01-27 12:52:34', '2019-01-27 12:52:34'),
(144, 222, 0, '000487 - 3 KG kam gas\r\n000504 - 4 KG Kam Gas', 222, '2019-01-27 12:52:40', '2019-01-27 12:52:40'),
(145, 222, 0, '000487 - 3 KG kam gas\r\n000504 - 4 KG Kam Gas', 222, '2019-01-27 12:52:45', '2019-01-27 12:52:45'),
(146, 222, 0, '000487 - 3 KG kam gas\r\n000504 - 4 KG Kam Gas', 222, '2019-01-27 12:52:49', '2019-01-27 12:52:49'),
(147, 222, 0, '000487 - 3 KG kam gas\r\n000504 - 4 KG Kam Gas', 222, '2019-01-27 12:53:01', '2019-01-27 12:53:01'),
(148, 222, 0, '000487 - 3 KG kam gas\r\n000504 - 4 KG Kam Gas', 222, '2019-01-27 12:53:08', '2019-01-27 12:53:08'),
(149, 222, 0, '000487 - 3 KG kam gas\r\n000504 - 4 KG Kam Gas', 222, '2019-01-27 12:53:23', '2019-01-27 12:53:23'),
(150, 222, 0, '000487 - 3 KG kam gas\r\n000504 - 4 KG Kam Gas', 222, '2019-01-27 12:53:29', '2019-01-27 12:53:29'),
(151, 222, 0, '000487 - 3 KG kam gas\r\n000504 - 4 KG Kam Gas', 222, '2019-01-27 12:53:39', '2019-01-27 12:53:39'),
(152, 222, 0, '000487 - 3 KG kam gas\r\n000504 - 4 KG Kam Gas', 222, '2019-01-27 12:54:07', '2019-01-27 12:54:07'),
(153, 222, 0, '000487 - 3 KG kam gas\r\n000504 - 4 KG Kam Gas', 222, '2019-01-27 12:54:14', '2019-01-27 12:54:14'),
(154, 222, 0, '000487 - 3 KG kam gas\r\n000504 - 4 KG Kam Gas', 222, '2019-01-27 12:54:43', '2019-01-27 12:54:43'),
(155, 222, 0, '000487 - 3 KG kam gas\r\n000504 - 4 KG Kam Gas', 222, '2019-01-27 12:54:52', '2019-01-27 12:54:52'),
(156, 222, 0, '000487 - 3 KG kam gas\r\n000504 - 4 KG Kam Gas', 222, '2019-01-27 12:54:59', '2019-01-27 12:54:59'),
(157, 222, 0, '000487 - 3 KG kam gas\r\n000504 - 4 KG Kam Gas', 222, '2019-01-27 12:57:06', '2019-01-27 12:57:06'),
(158, 222, 0, '000487 - 3 KG kam gas\r\n000504 - 4 KG Kam Gas', 222, '2019-01-27 12:59:56', '2019-01-27 12:59:56'),
(159, 222, 0, '000487 - 3 KG kam gas\r\n000504 - 4 KG Kam Gas', 222, '2019-01-27 01:02:02', '2019-01-27 01:02:02'),
(160, 222, 0, '000487 - 3 KG kam gas\r\n000504 - 4 KG Kam Gas', 222, '2019-01-27 01:02:14', '2019-01-27 01:02:14'),
(161, 222, 0, '000487 - 3 KG kam gas\r\n000504 - 4 KG Kam Gas', 222, '2019-01-27 01:02:51', '2019-01-27 01:02:51'),
(162, 222, 0, '000487 - 3 KG kam gas\r\n000504 - 4 KG Kam Gas', 222, '2019-01-27 01:02:59', '2019-01-27 01:02:59'),
(163, 222, 0, '000487 - 3 KG kam gas\r\n000504 - 4 KG Kam Gas', 222, '2019-01-27 01:03:10', '2019-01-27 01:03:10'),
(164, 222, 0, '000487 - 3 KG kam gas\r\n000504 - 4 KG Kam Gas', 222, '2019-01-27 01:05:27', '2019-01-27 01:05:27'),
(165, 222, 0, '000487 - 3 KG kam gas\r\n000504 - 4 KG Kam Gas', 222, '2019-01-27 01:06:03', '2019-01-27 01:06:03'),
(166, 222, 0, '000487 - 3 KG kam gas\r\n000504 - 4 KG Kam Gas', 222, '2019-01-27 01:09:30', '2019-01-27 01:09:30'),
(167, 222, 0, '000487 - 3 KG kam gas\r\n000504 - 4 KG Kam Gas', 222, '2019-01-27 01:09:41', '2019-01-27 01:09:41'),
(168, 222, 0, '000487 - 3 KG kam gas\r\n000504 - 4 KG Kam Gas', 222, '2019-01-27 01:09:56', '2019-01-27 01:09:56'),
(169, 222, 0, '000487 - 3 KG kam gas\r\n000504 - 4 KG Kam Gas', 222, '2019-01-27 01:10:27', '2019-01-27 01:10:27'),
(170, 222, 0, '000487 - 3 KG kam gas\r\n000504 - 4 KG Kam Gas', 222, '2019-01-27 01:10:35', '2019-01-27 01:10:35'),
(171, 222, 0, '000487 - 3 KG kam gas\r\n000504 - 4 KG Kam Gas', 222, '2019-01-27 01:11:09', '2019-01-27 01:11:09'),
(172, 222, 0, '000487 - 3 KG kam gas\r\n000504 - 4 KG Kam Gas', 222, '2019-01-27 01:11:23', '2019-01-27 01:11:23'),
(173, 222, 0, '000487 - 3 KG kam gas\r\n000504 - 4 KG Kam Gas', 222, '2019-01-27 01:11:38', '2019-01-27 01:11:38'),
(174, 222, 0, '000487 - 3 KG kam gas\r\n000504 - 4 KG Kam Gas', 222, '2019-01-27 01:11:57', '2019-01-27 01:11:57'),
(175, 222, 0, '000487 - 3 KG kam gas\r\n000504 - 4 KG Kam Gas', 222, '2019-01-27 01:12:22', '2019-01-27 01:12:22'),
(176, 222, 0, '000487 - 3 KG kam gas\r\n000504 - 4 KG Kam Gas', 222, '2019-01-27 01:12:31', '2019-01-27 01:12:31'),
(177, 222, 0, '', 222, '2019-01-27 02:45:24', '2019-01-27 02:45:24'),
(178, 222, 0, '', 222, '2019-01-27 02:51:28', '2019-01-27 02:51:28'),
(179, 222, 0, '', 222, '2019-01-27 02:51:43', '2019-01-27 02:51:43'),
(180, 222, 0, '', 222, '2019-01-27 02:59:22', '2019-01-27 02:59:22'),
(181, 222, 0, '', 222, '2019-01-27 03:08:13', '2019-01-27 03:08:13'),
(182, 222, 0, '', 222, '2019-01-27 03:08:41', '2019-01-27 03:08:41'),
(183, 222, 0, '', 222, '2019-01-27 03:08:46', '2019-01-27 03:08:46'),
(184, 222, 0, '', 222, '2019-01-27 03:09:46', '2019-01-27 03:09:46'),
(185, 222, 0, '', 222, '2019-01-27 03:10:40', '2019-01-27 03:10:40'),
(186, 222, 0, '', 222, '2019-01-27 03:10:50', '2019-01-27 03:10:50'),
(187, 223, 0, '', 222, '2019-01-27 03:23:12', '2019-01-27 03:23:12'),
(188, 223, 0, '', 222, '2019-01-27 03:23:45', '2019-01-27 03:23:45'),
(189, 223, 0, '', 222, '2019-01-27 03:25:38', '2019-01-27 03:25:38'),
(190, 223, 0, '', 222, '2019-01-27 03:28:15', '2019-01-27 03:28:15'),
(191, 223, 0, '', 222, '2019-01-27 03:30:50', '2019-01-27 03:30:50'),
(192, 223, 0, '', 222, '2019-01-27 03:31:57', '2019-01-27 03:31:57'),
(193, 223, 0, '', 222, '2019-01-27 03:40:50', '2019-01-27 03:40:50'),
(194, 222, 0, '3, 5, 8 to be adjusted', 223, '2019-01-27 03:42:04', '2019-01-27 03:42:04'),
(195, 222, 0, '3, 5, 8 to be adjusted', 223, '2019-01-27 03:42:04', '2019-01-27 03:42:04'),
(196, 222, 0, '3, 5, 8 to be adjusted', 244, '2019-01-27 03:42:04', '2019-01-27 03:42:04'),
(197, 220, 1, '', 222, '2019-01-27 03:49:02', '2019-01-27 03:49:02'),
(198, 222, 0, '', 223, '2019-01-27 03:50:43', '2019-01-27 03:50:43'),
(199, 223, 0, '', 222, '2019-01-27 03:51:47', '2019-01-27 03:51:47'),
(200, 220, 1, '', 222, '2019-01-27 03:53:34', '2019-01-27 03:53:34'),
(201, 220, 1, '', 222, '2019-01-27 03:54:28', '2019-01-27 03:54:28'),
(202, 216, 0, '', 222, '2019-01-27 04:02:01', '2019-01-27 04:02:01'),
(203, 216, 0, '', 222, '2019-01-27 04:03:32', '2019-01-27 04:03:32'),
(204, 216, 0, '', 222, '2019-01-27 04:03:32', '2019-01-27 04:03:32'),
(205, 216, 0, '', 222, '2019-01-27 04:04:01', '2019-01-27 04:04:01');

-- --------------------------------------------------------

--
-- Table structure for table `notifications`
--

CREATE TABLE `notifications` (
  `ID` int(11) NOT NULL,
  `Name` text NOT NULL,
  `Description` text NOT NULL,
  `Link` text NOT NULL,
  `UserID` int(11) NOT NULL,
  `RoleID` int(11) NOT NULL,
  `Priority` int(11) NOT NULL,
  `Status` int(11) NOT NULL,
  `DateAdded` datetime NOT NULL,
  `DateModified` datetime NOT NULL
) ENGINE=InnoDB DEFAULT CHARSET=latin1;

--
-- Dumping data for table `notifications`
--

INSERT INTO `notifications` (`ID`, `Name`, `Description`, `Link`, `UserID`, `RoleID`, `Priority`, `Status`, `DateAdded`, `DateModified`) VALUES
(1, 'Gas Difference', 'Driver: Muhammad Hashim (Muhammad Hashim)\n\r\n				    Cylinder ID: 000487\n\r\n				    Weight when dispatched: 20.00KG\n\r\n				    Weight when received: 17.00KG', '', 216, 0, 100, 1, '2019-01-27 01:12:22', '2019-01-27 01:12:22'),
(2, 'Gas Difference', 'Driver: Muhammad Hashim (Muhammad Hashim)\n\r\n				    Cylinder ID: 000487\n\r\n				    Weight when dispatched: 20.00KG\n\r\n				    Weight when received: 17.00KG', '', 216, 0, 100, 1, '2019-01-27 01:12:31', '2019-01-27 01:12:31'),
(3, 'Gas Difference', 'Driver: Muhammad Hashim (Muhammad Hashim)\n\r\n				    Cylinder ID: 000504\n\r\n				    Weight when dispatched: 20.00KG\n\r\n				    Weight when received: 16.00KG', '', 216, 0, 100, 1, '2019-01-27 01:12:31', '2019-01-27 01:12:31'),
(4, 'Gas Difference', 'Driver: Muhammad Hashim (Muhammad Hashim)\r\n				    Cylinder ID: 000553\r\n				    Weight when dispatched: 20.00KG\r\n				    Weight when received: 16.60KG', 'viewpurchase.php?ID=45', 216, 0, 100, 1, '2019-01-27 02:45:24', '2019-01-27 02:45:24'),
(5, 'Gas Difference', 'Driver: Muhammad Hashim (Muhammad Hashim)\r\n				    Cylinder ID: 000683\r\n				    Weight when dispatched: 25.20KG\r\n				    Weight when received: 25.20KG', 'viewpurchase.php?ID=45', 216, 0, 100, 1, '2019-01-27 02:45:24', '2019-01-27 02:45:24'),
(6, 'Gas Difference', 'Driver: Muhammad Hashim (Muhammad Hashim)\r\n				    Cylinder ID: 000643\r\n				    Weight when dispatched: 25.20KG\r\n				    Weight when received: 22.40KG', 'viewpurchase.php?ID=45', 216, 0, 100, 1, '2019-01-27 02:45:24', '2019-01-27 02:45:24'),
(7, 'Gas Difference', 'Driver: Muhammad Hashim (Muhammad Hashim)\r\n				    Cylinder ID: 000501\r\n				    Weight when dispatched: 25.40KG\r\n				    Weight when received: 25.40KG', 'viewpurchase.php?ID=45', 216, 0, 100, 1, '2019-01-27 02:45:24', '2019-01-27 02:45:24'),
(8, 'Gas Difference', 'Driver: Muhammad Hashim (Muhammad Hashim)\r\n				    Cylinder ID: 000571\r\n				    Weight when dispatched: 25.30KG\r\n				    Weight when received: 24.50KG', 'viewpurchase.php?ID=47', 216, 0, 100, 1, '2019-01-27 02:51:43', '2019-01-27 02:51:43'),
(9, 'Gas Difference', 'Driver: Muhammad Hashim (Muhammad Hashim)\r\n				    Cylinder ID: 000670\r\n				    Weight when dispatched: 25.30KG\r\n				    Weight when received: 24.40KG', 'viewpurchase.php?ID=48', 216, 0, 100, 1, '2019-01-27 02:59:22', '2019-01-27 02:59:22'),
(10, 'Gas Difference', 'Driver: Muhammad Hashim (Muhammad Hashim)\r\n                    Cylinder ID: 000665\r\n				    Weight when dispatched: 25.35KG\r\n				    Weight when received: 25.00KG', 'viewpurchase.php?ID=\".(int)$InvoiceID.\"', 216, 0, 100, 1, '2019-01-27 03:08:46', '2019-01-27 03:08:46'),
(11, 'Gas Difference', 'Driver: Muhammad Hashim (Muhammad Hashim)\r\n                    Cylinder ID: 000596\r\n				    Weight when dispatched: 25.40KG\r\n				    Weight when received: 25.00KG', 'viewpurchase.php?ID=52', 216, 0, 100, 1, '2019-01-27 03:09:46', '2019-01-27 03:09:46'),
(12, 'Gas Difference', 'Driver: Muhammad Hashim (Muhammad Hashim)\r\n                    Cylinder ID: 000500\r\n				    Weight when dispatched: 25.20KG\r\n				    Weight when received: 25.00KG', 'viewpurchase.php?ID=54', 216, 0, 100, 1, '2019-01-27 03:10:50', '2019-01-27 03:10:50'),
(13, 'Gas Difference', 'Driver:  ()\r\n                    Cylinder ID: 000707\r\n				    Weight when received: 0.00KG\r\n				    Weight when sold: 50.00KG', 'viewpurchase.php?ID=187', 216, 0, 100, 1, '2019-01-27 03:23:12', '2019-01-27 03:23:12'),
(14, 'Gas Difference', 'Driver:  ()\n                    Cylinder ID: 000426\n				    Weight when received: 0.00KG\n				    Weight when sold: 21.30KG', 'viewpurchase.php?ID=188', 216, 0, 100, 1, '2019-01-27 03:23:45', '2019-01-27 03:23:45'),
(15, 'Gas Difference', 'Shopkeeper: SGD Shop-1 (SGD Shop-1)\r\n                    Cylinder ID: 000495\r\n				    Weight when received: 0.00KG\r\n				    Weight when sold: 24.00KG', 'viewsale.php?ID=36', 0, 0, 100, 0, '2019-01-27 03:25:38', '2019-01-27 03:25:38'),
(16, 'Gas Difference', 'Shopkeeper: SGD Shop-1 (SGD Shop-1)\n                    Cylinder ID: 000486\n				    Weight when received: 25.40KG\n				    Weight when sold: 25.00KG', 'viewsale.php?ID=37', 0, 0, 100, 0, '2019-01-27 03:28:15', '2019-01-27 03:28:15'),
(17, 'Gas Difference', 'Shopkeeper: SGD Shop-1 (SGD Shop-1)\r\n                    Cylinder ID: 000611\r\n				    Weight when received: 25.50KG\r\n				    Weight when sold: 25.00KG', 'viewsale.php?ID=38', 222, 0, 100, 1, '2019-01-27 03:30:50', '2019-01-27 03:30:50'),
(18, 'Gas Difference', 'Shopkeeper: SGD Shop-1 (SGD Shop-1)\r\n                    Cylinder ID: 000641\r\n				    Weight when received: 25.40KG\r\n				    Weight when sold: 25.00KG', 'viewsale.php?ID=39', 222, 0, 100, 1, '2019-01-27 03:31:57', '2019-01-27 03:31:57'),
(19, 'Gas Difference', 'Shopkeeper: SGD Shop-1 (SGD Shop-1)\r\n                    Cylinder ID: 000504\r\n				    Weight when received: 16.00KG\r\n				    Weight when sold: 14.60KG', 'viewsale.php?ID=40', 222, 0, 100, 1, '2019-01-27 03:40:50', '2019-01-27 03:40:50'),
(20, 'Gas Difference', 'Shopkeeper: SGD Shop-1 (SGD Shop-1)\r\n                    Cylinder ID: 000553\r\n				    Weight when received: 16.60KG\r\n				    Weight when sold: 14.60KG', 'viewsale.php?ID=40', 222, 0, 100, 1, '2019-01-27 03:40:50', '2019-01-27 03:40:50'),
(21, 'Gas Difference', 'Shopkeeper: SGD Shop-1 (SGD Shop-1)\r\n                    Cylinder ID: 000495\r\n				    Weight when received from customer: 21.60KG\r\n				    Weight when dispatched to driver: 21.00KG', 'notifications.php', 222, 0, 100, 1, '2019-01-27 03:49:02', '2019-01-27 03:49:02'),
(22, 'Gas Difference', 'Shopkeeper: SGD Shop-1 (SGD Shop-1)\r\n                    Cylinder ID: 000451\r\n				    Weight when received: 25.50KG\r\n				    Weight when sold: 24.70KG', 'viewsale.php?ID=41', 222, 0, 100, 1, '2019-01-27 03:51:47', '2019-01-27 03:51:47'),
(23, 'Gas Difference', 'Shopkeeper: SGD Shop-1 (SGD Shop-1)\r\n                    Cylinder ID: 000426\r\n				    Weight when received from customer: 18.00KG\r\n				    Weight when dispatched to driver: 17.00KG', 'notifications.php', 222, 0, 100, 1, '2019-01-27 03:53:34', '2019-01-27 03:53:34'),
(24, 'Gas Difference', 'Shopkeeper: SGD Shop-1 (SGD Shop-1)\r\n                    Cylinder ID: 000581\r\n				    Weight when received from customer: 25.50KG\r\n				    Weight when dispatched to driver: 23.50KG', 'viewpurchase.php?ID=3', 222, 0, 100, 1, '2019-01-27 03:54:28', '2019-01-27 03:54:28'),
(25, 'Gas Difference', 'Driver:  ()\r\n                    Cylinder ID: 000707\r\n				    Weight when received: 15.60KG\r\n				    Weight when dispatched from shop: 18.60KG', 'notifications.php?ID=', 216, 0, 100, 1, '2019-01-27 04:02:01', '2019-01-27 04:02:01'),
(26, 'Gas Difference', 'Driver: Muhammad Hashim (Muhammad Hashim)\r\n                    Cylinder ID: 000581\r\n				    Weight when received: 20.70KG\r\n				    Weight when dispatched from shop: 23.50KG', 'viewpurchase.php?ID=3', 216, 0, 100, 1, '2019-01-27 04:04:01', '2019-01-27 04:04:01');

-- --------------------------------------------------------

--
-- Table structure for table `paymentmethods`
--

CREATE TABLE `paymentmethods` (
  `ID` int(11) NOT NULL,
  `Name` text NOT NULL,
  `Details` text NOT NULL,
  `Status` int(11) NOT NULL,
  `PlantID` int(11) NOT NULL,
  `PerformedBy` int(11) NOT NULL,
  `DateAdded` datetime NOT NULL,
  `DateModified` datetime NOT NULL
) ENGINE=InnoDB DEFAULT CHARSET=latin1;

--
-- Dumping data for table `paymentmethods`
--

INSERT INTO `paymentmethods` (`ID`, `Name`, `Details`, `Status`, `PlantID`, `PerformedBy`, `DateAdded`, `DateModified`) VALUES
(1, 'Jazz Cash Account', 'Jazz Cash Mobile Account\r\nNumber: 0300-0000000\r\nName: Sindh Gas Direct', 1, 216, 0, '2019-03-09 12:36:25', '2019-01-27 00:00:00'),
(2, 'Bank Al Habib', 'Bank Al Habib Funds Transfer\r\nAccount Number: 12031293819231\r\nAccount Title: Sindh Gas Direct', 1, 216, 0, '2019-03-09 13:14:28', '0000-00-00 00:00:00');

-- --------------------------------------------------------

--
-- Table structure for table `payments`
--

CREATE TABLE `payments` (
  `ID` int(11) NOT NULL,
  `MethodID` int(11) NOT NULL,
  `UserID` int(11) NOT NULL,
  `Amount` float NOT NULL,
  `Details` text NOT NULL,
  `Image` text NOT NULL,
  `PerformedBy` int(11) NOT NULL,
  `DateAdded` datetime NOT NULL,
  `DateModified` datetime NOT NULL
) ENGINE=InnoDB DEFAULT CHARSET=latin1;

--
-- Dumping data for table `payments`
--

INSERT INTO `payments` (`ID`, `MethodID`, `UserID`, `Amount`, `Details`, `Image`, `PerformedBy`, `DateAdded`, `DateModified`) VALUES
(6, 2, 222, 1000, '1000 to bank al habib', 'S6.jpg', 222, '2019-01-27 00:00:00', '2019-01-27 00:00:00'),
(7, 2, 222, 1000, '', 'S7.jpg', 222, '2019-01-27 00:00:00', '2019-01-27 00:00:00'),
(8, 2, 222, 5000, '5000 through bahl', 'S8.jpg', 222, '2019-01-27 03:08:27', '2019-01-27 03:08:27'),
(9, 1, 222, 1000, '', '', 222, '2019-01-27 08:24:27', '2019-01-27 08:24:27'),
(10, 2, 222, 1450, '', 'S10.jpg', 222, '2019-01-27 04:34:20', '2019-01-27 04:34:20'),
(11, 1, 222, 4318.5, '', '', 222, '2019-01-27 03:22:43', '2019-01-27 03:22:43');

-- --------------------------------------------------------

--
-- Table structure for table `purchases`
--

CREATE TABLE `purchases` (
  `ID` int(11) NOT NULL,
  `ShopID` int(11) NOT NULL,
  `GasRate` float NOT NULL,
  `Total` float NOT NULL,
  `Paid` float NOT NULL,
  `Balance` float NOT NULL,
  `Unpaid` float NOT NULL,
  `RefNum` text NOT NULL,
  `Note` text NOT NULL,
  `PerformedBy` int(11) NOT NULL,
  `DateAdded` datetime NOT NULL,
  `DateModified` datetime NOT NULL
) ENGINE=InnoDB DEFAULT CHARSET=latin1;

--
-- Dumping data for table `purchases`
--

INSERT INTO `purchases` (`ID`, `ShopID`, `GasRate`, `Total`, `Paid`, `Balance`, `Unpaid`, `RefNum`, `Note`, `PerformedBy`, `DateAdded`, `DateModified`) VALUES
(3, 222, 150, 191008, 0, 0, 191008, 'HM1H3HNOT', '25--01-2019', 222, '2019-03-05 08:30:16', '2019-03-05 08:30:16'),
(4, 222, 118.64, 28320, 8003, 0, 20317, 'LGI345KAE,MEQL4V1JM,JVDJ4MRAF,ZAKI4UOFG', '25-01-19', 222, '2019-01-26 00:00:00', '2019-01-27 04:34:49'),
(5, 222, 118.64, 1447, 1447, 0, 0, 'FOXP5ZTPS,WQ5G5HEZL,6IBL5FG0O', '', 222, '2019-01-27 00:00:00', '2019-01-27 04:34:44'),
(6, 222, 118.64, 4318, 0, 0, 4318, '3TWD6CIOK', '', 222, '2019-01-27 04:36:41', '2019-01-27 04:36:41'),
(7, 222, 118.64, 699, 0, 0, 699, 'H32R7W0PH', '000487 - 3 KG kam gas\r\n000504 - 4 KG Kam Gas', 222, '2019-01-27 12:51:20', '2019-01-27 12:51:20'),
(8, 222, 118.64, 699, 0, 0, 699, 'JD5G8XSLN', '000487 - 3 KG kam gas\r\n000504 - 4 KG Kam Gas', 222, '2019-01-27 12:51:58', '2019-01-27 12:51:58'),
(9, 222, 118.64, 699, 0, 0, 699, '1U209LHE4', '000487 - 3 KG kam gas\r\n000504 - 4 KG Kam Gas', 222, '2019-01-27 12:52:04', '2019-01-27 12:52:04'),
(10, 222, 118.64, 699, 0, 0, 699, '6HIF10LHIO', '000487 - 3 KG kam gas\r\n000504 - 4 KG Kam Gas', 222, '2019-01-27 12:52:27', '2019-01-27 12:52:27'),
(11, 222, 118.64, 699, 0, 0, 699, 'WRK11112RF', '000487 - 3 KG kam gas\r\n000504 - 4 KG Kam Gas', 222, '2019-01-27 12:52:34', '2019-01-27 12:52:34'),
(12, 222, 118.64, 699, 0, 0, 699, 'NIEF12AAOP', '000487 - 3 KG kam gas\r\n000504 - 4 KG Kam Gas', 222, '2019-01-27 12:52:40', '2019-01-27 12:52:40'),
(13, 222, 118.64, 699, 0, 0, 699, 'CFWF13R0HE', '000487 - 3 KG kam gas\r\n000504 - 4 KG Kam Gas', 222, '2019-01-27 12:52:45', '2019-01-27 12:52:45'),
(14, 222, 118.64, 699, 0, 0, 699, '1PAB14WQ30', '000487 - 3 KG kam gas\r\n000504 - 4 KG Kam Gas', 222, '2019-01-27 12:52:49', '2019-01-27 12:52:49'),
(15, 222, 118.64, 699, 0, 0, 699, 'HDI415LFAN', '000487 - 3 KG kam gas\r\n000504 - 4 KG Kam Gas', 222, '2019-01-27 12:53:01', '2019-01-27 12:53:01'),
(16, 222, 118.64, 699, 0, 0, 699, '4M3X16E2ZI', '000487 - 3 KG kam gas\r\n000504 - 4 KG Kam Gas', 222, '2019-01-27 12:53:08', '2019-01-27 12:53:08'),
(17, 222, 118.64, 699, 0, 0, 699, 'QCTF176RJV', '000487 - 3 KG kam gas\r\n000504 - 4 KG Kam Gas', 222, '2019-01-27 12:53:23', '2019-01-27 12:53:23'),
(18, 222, 118.64, 699, 0, 0, 699, 'LULO18BLWE', '000487 - 3 KG kam gas\r\n000504 - 4 KG Kam Gas', 222, '2019-01-27 12:53:29', '2019-01-27 12:53:29'),
(19, 222, 118.64, 699, 0, 0, 699, 'IB2O19HCFT', '000487 - 3 KG kam gas\r\n000504 - 4 KG Kam Gas', 222, '2019-01-27 12:53:39', '2019-01-27 12:53:39'),
(20, 222, 118.64, 699, 0, 0, 699, 'Z2J420DLHM', '000487 - 3 KG kam gas\r\n000504 - 4 KG Kam Gas', 222, '2019-01-27 12:54:07', '2019-01-27 12:54:07'),
(21, 222, 118.64, 699, 0, 0, 699, 'FATC215OEQ', '000487 - 3 KG kam gas\r\n000504 - 4 KG Kam Gas', 222, '2019-01-27 12:54:14', '2019-01-27 12:54:14'),
(22, 222, 118.64, 699, 0, 0, 699, 'HSIL22VITH', '000487 - 3 KG kam gas\r\n000504 - 4 KG Kam Gas', 222, '2019-01-27 12:54:43', '2019-01-27 12:54:43'),
(23, 222, 118.64, 699, 0, 0, 699, 'EAPR23KB5G', '000487 - 3 KG kam gas\r\n000504 - 4 KG Kam Gas', 222, '2019-01-27 12:54:52', '2019-01-27 12:54:52'),
(24, 222, 118.64, 699, 0, 0, 699, 'OEJM24JKND', '000487 - 3 KG kam gas\r\n000504 - 4 KG Kam Gas', 222, '2019-01-27 12:54:59', '2019-01-27 12:54:59'),
(25, 222, 118.64, 699, 0, 0, 699, '2VNP25ZW1N', '000487 - 3 KG kam gas\r\n000504 - 4 KG Kam Gas', 222, '2019-01-27 12:57:06', '2019-01-27 12:57:06'),
(26, 222, 118.64, 699, 0, 0, 699, 'DBHH26O0IU', '000487 - 3 KG kam gas\r\n000504 - 4 KG Kam Gas', 222, '2019-01-27 12:59:56', '2019-01-27 12:59:56'),
(27, 222, 118.64, 699, 0, 0, 699, 'G26A273BN4', '000487 - 3 KG kam gas\r\n000504 - 4 KG Kam Gas', 222, '2019-01-27 01:02:02', '2019-01-27 01:02:02'),
(28, 222, 118.64, 699, 0, 0, 699, 'RN4E28PFG6', '000487 - 3 KG kam gas\r\n000504 - 4 KG Kam Gas', 222, '2019-01-27 01:02:14', '2019-01-27 01:02:14'),
(29, 222, 118.64, 699, 0, 0, 699, '3QIW29JZXA', '000487 - 3 KG kam gas\r\n000504 - 4 KG Kam Gas', 222, '2019-01-27 01:02:51', '2019-01-27 01:02:51'),
(30, 222, 118.64, 699, 0, 0, 699, 'CBJI30G2PT', '000487 - 3 KG kam gas\r\n000504 - 4 KG Kam Gas', 222, '2019-01-27 01:02:59', '2019-01-27 01:02:59'),
(31, 222, 118.64, 699, 0, 0, 699, '002O312A25', '000487 - 3 KG kam gas\r\n000504 - 4 KG Kam Gas', 222, '2019-01-27 01:03:10', '2019-01-27 01:03:10'),
(32, 222, 118.64, 699, 0, 0, 699, 'ETD0322DM3', '000487 - 3 KG kam gas\r\n000504 - 4 KG Kam Gas', 222, '2019-01-27 01:05:27', '2019-01-27 01:05:27'),
(33, 222, 118.64, 699, 0, 0, 699, 'XRQ533336J', '000487 - 3 KG kam gas\r\n000504 - 4 KG Kam Gas', 222, '2019-01-27 01:06:03', '2019-01-27 01:06:03'),
(34, 222, 118.64, 699, 0, 0, 699, 'QZ2P34W551', '000487 - 3 KG kam gas\r\n000504 - 4 KG Kam Gas', 222, '2019-01-27 01:09:30', '2019-01-27 01:09:30'),
(35, 222, 118.64, 699, 0, 0, 699, 'GDEW355ZZH', '000487 - 3 KG kam gas\r\n000504 - 4 KG Kam Gas', 222, '2019-01-27 01:09:41', '2019-01-27 01:09:41'),
(36, 222, 118.64, 699, 0, 0, 699, 'HWJ136OELD', '000487 - 3 KG kam gas\r\n000504 - 4 KG Kam Gas', 222, '2019-01-27 01:09:56', '2019-01-27 01:09:56'),
(37, 222, 118.64, 699, 0, 0, 699, 'UJ3W37WMW2', '000487 - 3 KG kam gas\r\n000504 - 4 KG Kam Gas', 222, '2019-01-27 01:10:27', '2019-01-27 01:10:27'),
(38, 222, 118.64, 699, 0, 0, 699, 'WL6R38PK0V', '000487 - 3 KG kam gas\r\n000504 - 4 KG Kam Gas', 222, '2019-01-27 01:10:35', '2019-01-27 01:10:35'),
(39, 222, 118.64, 699, 0, 0, 699, 'ZM3W39K63M', '000487 - 3 KG kam gas\r\n000504 - 4 KG Kam Gas', 222, '2019-01-27 01:11:09', '2019-01-27 01:11:09'),
(40, 222, 118.64, 699, 0, 0, 699, 'NURU401MGU', '000487 - 3 KG kam gas\r\n000504 - 4 KG Kam Gas', 222, '2019-01-27 01:11:23', '2019-01-27 01:11:23'),
(41, 222, 118.64, 699, 0, 0, 699, 'HDPA41HT40', '000487 - 3 KG kam gas\r\n000504 - 4 KG Kam Gas', 222, '2019-01-27 01:11:38', '2019-01-27 01:11:38'),
(42, 222, 118.64, 699, 0, 0, 699, 'EE5U42X0KO', '000487 - 3 KG kam gas\r\n000504 - 4 KG Kam Gas', 222, '2019-01-27 01:11:57', '2019-01-27 01:11:57'),
(43, 222, 118.64, 699, 0, 0, 699, '140N43UBDD', '000487 - 3 KG kam gas\r\n000504 - 4 KG Kam Gas', 222, '2019-01-27 01:12:22', '2019-01-27 01:12:22'),
(44, 222, 118.64, 699, 0, 0, 699, 'OS1V44L4OA', '000487 - 3 KG kam gas\r\n000504 - 4 KG Kam Gas', 222, '2019-01-27 01:12:31', '2019-01-27 01:12:31'),
(45, 222, 118.64, 4197, 0, 0, 4197, 'KQWR45P46P', '', 222, '2019-01-27 02:45:24', '2019-01-27 02:45:24'),
(46, 222, 118.64, 759, 0, 0, 759, 'BJAP46XETW', '', 222, '2019-01-27 02:51:28', '2019-01-27 02:51:28'),
(47, 222, 118.64, 1305, 0, 0, 1305, '0FAG47W512', '', 222, '2019-01-27 02:51:43', '2019-01-27 02:51:43'),
(48, 222, 118.64, 2728, 0, 0, 2728, 'QWCV48BQ1C', '', 222, '2019-01-27 02:59:22', '2019-01-27 02:59:22'),
(49, 222, 118.64, 2751, 0, 0, 2751, 'QG4Q49I1OF', '', 222, '2019-01-27 03:08:13', '2019-01-27 03:08:13'),
(50, 222, 118.64, 2751, 0, 0, 2751, '5NAL50IDWR', '', 222, '2019-01-27 03:08:41', '2019-01-27 03:08:41'),
(51, 222, 118.64, 2751, 0, 0, 2751, 'MD0J515IC0', '', 222, '2019-01-27 03:08:46', '2019-01-27 03:08:46'),
(52, 222, 118.64, 2739, 0, 0, 2739, 'R6LK52FDDD', '', 222, '2019-01-27 03:09:46', '2019-01-27 03:09:46'),
(53, 222, 118.64, 1399, 0, 0, 1399, 'WFR053AUDA', '', 222, '2019-01-27 03:10:40', '2019-01-27 03:10:40'),
(54, 222, 118.64, 1376, 0, 0, 1376, 'RM1B54SA5Q', '', 222, '2019-01-27 03:10:50', '2019-01-27 03:10:50');

-- --------------------------------------------------------

--
-- Table structure for table `purchase_details`
--

CREATE TABLE `purchase_details` (
  `ID` int(11) NOT NULL,
  `PurchaseID` int(11) NOT NULL,
  `CylinderID` int(11) NOT NULL,
  `TierWeight` float NOT NULL,
  `CompanyTotalWeight` float NOT NULL,
  `TotalWeight` float NOT NULL,
  `Price` float NOT NULL,
  `RetailPrice` float NOT NULL,
  `GasRate` float NOT NULL,
  `ReturnStatus` int(11) NOT NULL,
  `ReturnWeight` float NOT NULL,
  `ReturnDate` datetime NOT NULL,
  `PerformedBy` int(11) NOT NULL,
  `DateAdded` datetime NOT NULL,
  `DateModified` datetime NOT NULL
) ENGINE=InnoDB DEFAULT CHARSET=latin1;

--
-- Dumping data for table `purchase_details`
--

INSERT INTO `purchase_details` (`ID`, `PurchaseID`, `CylinderID`, `TierWeight`, `CompanyTotalWeight`, `TotalWeight`, `Price`, `RetailPrice`, `GasRate`, `ReturnStatus`, `ReturnWeight`, `ReturnDate`, `PerformedBy`, `DateAdded`, `DateModified`) VALUES
(3, 3, 3, 13.6, 25.4, 25.4, 1770, 1770, 150, 1, 13.6, '2019-01-27 00:00:00', 222, '2019-03-05 08:30:16', '2019-03-05 08:30:16'),
(4, 3, 4, 13.6, 25.4, 25.4, 1770, 1770, 150, 1, 13.6, '2019-01-27 00:00:00', 222, '2019-03-05 08:30:16', '2019-03-05 08:30:16'),
(5, 3, 5, 13.7, 25.5, 25.5, 1770, 1770, 150, 0, 0, '2019-03-05 08:30:16', 222, '2019-03-05 08:30:16', '2019-03-05 08:30:16'),
(6, 3, 6, 13.3, 25.1, 25.1, 1770, 1770, 150, 1, 17, '2019-01-27 03:53:34', 222, '2019-03-05 08:30:16', '2019-03-05 08:30:16'),
(7, 3, 7, 13.6, 25.4, 25.4, 1770, 1770, 150, 0, 0, '2019-03-05 08:30:16', 222, '2019-03-05 08:30:16', '2019-03-05 08:30:16'),
(8, 3, 8, 13.7, 25.5, 25.5, 1770, 1770, 150, 0, 0, '2019-03-05 08:30:16', 222, '2019-03-05 08:30:16', '2019-03-05 08:30:16'),
(9, 3, 9, 13.6, 25.4, 25.4, 1770, 1770, 150, 0, 0, '2019-03-05 08:30:16', 222, '2019-03-05 08:30:16', '2019-03-05 08:30:16'),
(10, 3, 10, 13.5, 25.3, 25.3, 1770, 1770, 150, 1, 13.5, '2019-01-26 00:00:00', 222, '2019-03-05 08:30:16', '2019-03-05 08:30:16'),
(11, 3, 11, 13.5, 25.3, 25.3, 1770, 1770, 150, 0, 0, '2019-03-05 08:30:16', 222, '2019-03-05 08:30:16', '2019-03-05 08:30:16'),
(12, 3, 12, 13.6, 25.4, 25.4, 1770, 1770, 150, 1, 13.6, '2019-01-27 00:00:00', 222, '2019-03-05 08:30:16', '2019-03-05 08:30:16'),
(13, 3, 13, 13.6, 25.4, 25.4, 1770, 1770, 150, 1, 13.6, '2019-01-27 00:00:00', 222, '2019-03-05 08:30:16', '2019-03-05 08:30:16'),
(14, 3, 14, 13.6, 25.4, 25.4, 1770, 1770, 150, 0, 0, '2019-03-05 08:30:16', 222, '2019-03-05 08:30:16', '2019-03-05 08:30:16'),
(15, 3, 15, 13.6, 25.4, 25.4, 1770, 1770, 150, 1, 13.6, '2019-01-27 00:00:00', 222, '2019-03-05 08:30:16', '2019-03-05 08:30:16'),
(16, 3, 16, 13.6, 25.4, 25.4, 1770, 1770, 150, 1, 13.6, '2019-01-27 00:00:00', 222, '2019-03-05 08:30:16', '2019-03-05 08:30:16'),
(17, 3, 17, 13.7, 25.5, 25.5, 1770, 1770, 150, 1, 23.5, '2019-01-27 03:54:28', 222, '2019-03-05 08:30:16', '2019-03-05 08:30:16'),
(18, 3, 18, 13.6, 25.4, 25.4, 1770, 1770, 150, 1, 13.6, '2019-01-27 00:00:00', 222, '2019-03-05 08:30:16', '2019-03-05 08:30:16'),
(19, 3, 19, 13.6, 25.4, 25.4, 1770, 1770, 150, 0, 0, '2019-03-05 08:30:16', 222, '2019-03-05 08:30:16', '2019-03-05 08:30:16'),
(20, 3, 20, 13.5, 25.3, 25.3, 1770, 1770, 150, 1, 13.5, '2019-01-26 00:00:00', 222, '2019-03-05 08:30:16', '2019-03-05 08:30:16'),
(21, 3, 21, 13.6, 25.4, 25.4, 1770, 1770, 150, 0, 0, '2019-03-05 08:30:16', 222, '2019-03-05 08:30:16', '2019-03-05 08:30:16'),
(22, 3, 22, 13.8, 25.7, 25.7, 1785, 1785, 150, 1, 13.8, '2019-01-27 00:00:00', 222, '2019-03-05 08:30:16', '2019-03-05 08:30:16'),
(23, 3, 23, 13.4, 25.2, 25.2, 1770, 1770, 150, 1, 13.4, '2019-01-27 00:00:00', 222, '2019-03-05 08:30:16', '2019-03-05 08:30:16'),
(24, 3, 24, 13.5, 25.3, 25.3, 1770, 1770, 150, 0, 0, '2019-03-05 08:30:16', 222, '2019-03-05 08:30:16', '2019-03-05 08:30:16'),
(25, 3, 25, 13.6, 25.4, 25.4, 1770, 1770, 150, 1, 13.6, '2019-01-27 00:00:00', 222, '2019-03-05 08:30:16', '2019-03-05 08:30:16'),
(26, 3, 26, 13.6, 25.5, 25.5, 1785, 1785, 150, 1, 13.6, '2019-01-26 00:00:00', 222, '2019-03-05 08:30:16', '2019-03-05 08:30:16'),
(27, 3, 27, 13.7, 25.5, 25.5, 1770, 1770, 150, 1, 13.7, '2019-01-27 00:00:00', 222, '2019-03-05 08:30:16', '2019-03-05 08:30:16'),
(28, 3, 28, 13.5, 25.3, 25.3, 1770, 1770, 150, 0, 0, '2019-03-05 08:30:16', 222, '2019-03-05 08:30:16', '2019-03-05 08:30:16'),
(29, 3, 29, 13.4, 25.2, 25.2, 1770, 1770, 150, 1, 13.4, '2019-01-26 00:00:00', 222, '2019-03-05 08:30:16', '2019-03-05 08:30:16'),
(30, 3, 30, 13.5, 25.3, 25.3, 1770, 1770, 150, 0, 0, '2019-03-05 08:30:16', 222, '2019-03-05 08:30:16', '2019-03-05 08:30:16'),
(31, 3, 31, 13.6, 25.4, 25.4, 1770, 1770, 150, 1, 13.6, '2019-01-27 00:00:00', 222, '2019-03-05 08:30:16', '2019-03-05 08:30:16'),
(32, 3, 32, 13.4, 25.2, 25.2, 1770, 1770, 150, 1, 13.4, '2019-01-27 00:00:00', 222, '2019-03-05 08:30:16', '2019-03-05 08:30:16'),
(33, 3, 33, 13.6, 25.4, 25.4, 1770, 1770, 150, 0, 0, '2019-03-05 08:30:16', 222, '2019-03-05 08:30:16', '2019-03-05 08:30:16'),
(34, 3, 34, 13.6, 25.4, 25.4, 1770, 1770, 150, 1, 13.6, '2019-01-26 00:00:00', 222, '2019-03-05 08:30:16', '2019-03-05 08:30:16'),
(35, 3, 35, 13.5, 25.5, 25.5, 1800, 1800, 150, 0, 0, '2019-03-05 08:30:16', 222, '2019-03-05 08:30:16', '2019-03-05 08:30:16'),
(36, 3, 36, 13.6, 25.4, 25.4, 1770, 1770, 150, 0, 0, '2019-03-05 08:30:16', 222, '2019-03-05 08:30:16', '2019-03-05 08:30:16'),
(37, 3, 37, 13.5, 25.3, 25.3, 1770, 1770, 150, 1, 13.5, '2019-01-27 00:00:00', 222, '2019-03-05 08:30:16', '2019-03-05 08:30:16'),
(38, 3, 38, 13.5, 25.3, 25.3, 1770, 1770, 150, 1, 13.5, '2019-01-27 00:00:00', 222, '2019-03-05 08:30:16', '2019-03-05 08:30:16'),
(39, 3, 39, 13.5, 25.3, 25.3, 1770, 1770, 150, 0, 0, '2019-03-05 08:30:16', 222, '2019-03-05 08:30:16', '2019-03-05 08:30:16'),
(40, 3, 40, 13.5, 25.3, 25.3, 1770, 1770, 150, 0, 0, '2019-03-05 08:30:16', 222, '2019-03-05 08:30:16', '2019-03-05 08:30:16'),
(41, 3, 41, 13.6, 25.5, 25.5, 1785, 1785, 150, 1, 13.6, '2019-01-27 00:00:00', 222, '2019-03-05 08:30:16', '2019-03-05 08:30:16'),
(42, 3, 42, 40.9, 86.3, 86.3, 6810, 6810, 150, 0, 0, '2019-03-05 08:30:16', 222, '2019-03-05 08:30:16', '2019-03-05 08:30:16'),
(43, 3, 43, 40.8, 86.2, 86.2, 6810, 6810, 150, 0, 0, '2019-03-05 08:30:16', 222, '2019-03-05 08:30:16', '2019-03-05 08:30:16'),
(44, 3, 44, 41, 86.4, 86.4, 6810, 6810, 150, 0, 0, '2019-03-05 08:30:16', 222, '2019-03-05 08:30:16', '2019-03-05 08:30:16'),
(45, 3, 45, 41.1, 86.5, 86.5, 6810, 6810, 150, 0, 0, '2019-03-05 08:30:16', 222, '2019-03-05 08:30:16', '2019-03-05 08:30:16'),
(46, 3, 46, 41, 86.4, 86.4, 6810, 6810, 150, 0, 0, '2019-03-05 08:30:16', 222, '2019-03-05 08:30:16', '2019-03-05 08:30:16'),
(47, 3, 47, 41, 86.4, 86.4, 6810, 6810, 150, 0, 0, '2019-03-05 08:30:16', 222, '2019-03-05 08:30:16', '2019-03-05 08:30:16'),
(48, 3, 48, 41.3, 86.7, 86.7, 6810, 6810, 150, 1, 41.3, '2019-01-27 00:00:00', 222, '2019-03-05 08:30:16', '2019-03-05 08:30:16'),
(49, 3, 49, 40.7, 86.1, 86.1, 6810, 6810, 150, 0, 0, '2019-03-05 08:30:16', 222, '2019-03-05 08:30:16', '2019-03-05 08:30:16'),
(50, 3, 50, 41, 86.4, 86.4, 6810, 6810, 150, 0, 0, '2019-03-05 08:30:16', 222, '2019-03-05 08:30:16', '2019-03-05 08:30:16'),
(51, 3, 51, 41, 86.4, 86.4, 6810, 6810, 150, 0, 0, '2019-03-05 08:30:16', 222, '2019-03-05 08:30:16', '2019-03-05 08:30:16'),
(52, 3, 52, 40.9, 86.3, 86.3, 6810, 6810, 150, 0, 0, '2019-03-05 08:30:16', 222, '2019-03-05 08:30:16', '2019-03-05 08:30:16'),
(53, 3, 53, 41.2, 86.6, 86.6, 6810, 6810, 150, 1, 41.2, '2019-01-27 00:00:00', 222, '2019-03-05 08:30:16', '2019-03-05 08:30:16'),
(54, 3, 54, 41.1, 86.5, 86.5, 6810, 6810, 150, 1, 41.1, '2019-01-27 00:00:00', 222, '2019-03-05 08:30:16', '2019-03-05 08:30:16'),
(55, 3, 55, 40.8, 86.2, 86.2, 6810, 6810, 150, 0, 0, '2019-03-05 08:30:16', 222, '2019-03-05 08:30:16', '2019-03-05 08:30:16'),
(56, 3, 56, 41.1, 86.5, 86.5, 6810, 6810, 150, 1, 41.1, '2019-01-27 00:00:00', 222, '2019-03-05 08:30:16', '2019-03-05 08:30:16'),
(57, 3, 57, 8.45, 14.45, 14.45, 900, 900, 150, 0, 0, '2019-03-05 08:30:16', 222, '2019-03-05 08:30:16', '2019-03-05 08:30:16'),
(58, 3, 59, 8.36, 14.4, 14.4, 906, 906, 150, 0, 0, '2019-03-05 08:30:16', 222, '2019-03-05 08:30:16', '2019-03-05 08:30:16'),
(59, 3, 58, 8.4, 14.4, 14.4, 900, 900, 150, 0, 0, '2019-03-05 08:30:16', 222, '2019-03-05 08:30:16', '2019-03-05 08:30:16'),
(60, 3, 60, 8.34, 14.3, 14.3, 894, 894, 150, 0, 0, '2019-03-05 08:30:16', 222, '2019-03-05 08:30:16', '2019-03-05 08:30:16'),
(61, 3, 61, 8.44, 14.4, 14.4, 894, 894, 150, 0, 0, '2019-03-05 08:30:16', 222, '2019-03-05 08:30:16', '2019-03-05 08:30:16'),
(62, 3, 62, 8.26, 14.3, 14.3, 906, 906, 150, 0, 0, '2019-03-05 08:30:16', 222, '2019-03-05 08:30:16', '2019-03-05 08:30:16'),
(63, 3, 63, 8.44, 14.45, 14.45, 901.5, 901.5, 150, 0, 0, '2019-03-05 08:30:16', 222, '2019-03-05 08:30:16', '2019-03-05 08:30:16'),
(64, 3, 64, 8.38, 14.3, 14.3, 888, 888, 150, 0, 0, '2019-03-05 08:30:16', 222, '2019-03-05 08:30:16', '2019-03-05 08:30:16'),
(65, 3, 65, 8.44, 14.4, 14.4, 894, 894, 150, 0, 0, '2019-03-05 08:30:16', 222, '2019-03-05 08:30:16', '2019-03-05 08:30:16'),
(66, 3, 66, 8.26, 14.4, 14.4, 921, 921, 150, 0, 0, '2019-03-05 08:30:16', 222, '2019-03-05 08:30:16', '2019-03-05 08:30:16'),
(67, 3, 67, 8.36, 14.4, 14.4, 906, 906, 150, 0, 0, '2019-03-05 08:30:16', 222, '2019-03-05 08:30:16', '2019-03-05 08:30:16'),
(68, 3, 68, 8.18, 14.1, 14.1, 888, 888, 150, 0, 0, '2019-03-05 08:30:16', 222, '2019-03-05 08:30:16', '2019-03-05 08:30:16'),
(69, 3, 69, 8.38, 14.4, 14.4, 903, 903, 150, 0, 0, '2019-03-05 08:30:16', 222, '2019-03-05 08:30:16', '2019-03-05 08:30:16'),
(70, 3, 70, 8.3, 14.3, 14.3, 900, 900, 150, 0, 0, '2019-03-05 08:30:16', 222, '2019-03-05 08:30:16', '2019-03-05 08:30:16'),
(71, 3, 71, 8.22, 14.2, 14.2, 897, 897, 150, 0, 0, '2019-03-05 08:30:16', 222, '2019-03-05 08:30:16', '2019-03-05 08:30:16'),
(72, 3, 72, 8.16, 14.1, 14.1, 891, 891, 150, 0, 0, '2019-03-05 08:30:16', 222, '2019-03-05 08:30:16', '2019-03-05 08:30:16'),
(73, 3, 73, 8.22, 14.2, 14.2, 897, 897, 150, 0, 0, '2019-03-05 08:30:16', 222, '2019-03-05 08:30:16', '2019-03-05 08:30:16'),
(74, 3, 74, 8.48, 14.5, 14.5, 903, 903, 150, 0, 0, '2019-03-05 08:30:16', 222, '2019-03-05 08:30:16', '2019-03-05 08:30:16'),
(75, 3, 75, 8.38, 14.3, 14.3, 888, 888, 150, 1, 8.38, '2019-01-26 00:00:00', 222, '2019-03-05 08:30:16', '2019-03-05 08:30:16'),
(76, 3, 76, 8.36, 14.4, 14.4, 906, 906, 150, 0, 0, '2019-03-05 08:30:16', 222, '2019-03-05 08:30:16', '2019-03-05 08:30:16'),
(77, 3, 77, 13.4, 25.2, 25.2, 1770, 1770, 150, 0, 0, '2019-03-05 08:30:16', 222, '2019-03-05 08:30:16', '2019-03-05 08:30:16'),
(78, 4, 10, 13.5, 13.5, 13.5, 0, 0, 118.64, 1, 13.5, '2019-01-27 00:00:00', 222, '2019-01-26 00:00:00', '2019-01-26 00:00:00'),
(79, 4, 20, 13.5, 13.5, 13.5, 0, 0, 118.64, 1, 13.5, '2019-01-27 00:00:00', 222, '2019-01-26 00:00:00', '2019-01-26 00:00:00'),
(80, 4, 26, 13.6, 13.6, 13.6, 0, 0, 118.64, 1, 13.6, '2019-01-27 00:00:00', 222, '2019-01-26 00:00:00', '2019-01-26 00:00:00'),
(81, 4, 29, 13.4, 13.4, 13.4, 0, 0, 118.64, 1, 13.4, '2019-01-27 00:00:00', 222, '2019-01-26 00:00:00', '2019-01-26 00:00:00'),
(82, 4, 34, 13.6, 13.6, 13.6, 0, 0, 118.64, 1, 13.6, '2019-01-27 00:00:00', 222, '2019-01-26 00:00:00', '2019-01-26 00:00:00'),
(83, 4, 75, 8.38, 8.38, 8.38, 0, 0, 118.64, 1, 8.38, '2019-01-27 00:00:00', 222, '2019-01-26 00:00:00', '2019-01-26 00:00:00'),
(84, 4, 78, 13.4, 25.2, 25.2, 1399.95, 1399.95, 118.64, 0, 0, '2019-01-26 00:00:00', 222, '2019-01-26 00:00:00', '2019-01-26 00:00:00'),
(85, 4, 79, 13.6, 25.4, 25.4, 1399.95, 1399.95, 118.64, 0, 0, '2019-01-26 00:00:00', 222, '2019-01-26 00:00:00', '2019-01-26 00:00:00'),
(86, 4, 80, 13.6, 25.35, 25.35, 1394.02, 1394.02, 118.64, 0, 0, '2019-01-26 00:00:00', 222, '2019-01-26 00:00:00', '2019-01-26 00:00:00'),
(87, 4, 81, 13.5, 25.25, 25.25, 1394.02, 1394.02, 118.64, 0, 0, '2019-01-26 00:00:00', 222, '2019-01-26 00:00:00', '2019-01-26 00:00:00'),
(88, 4, 82, 13.5, 25.35, 25.35, 1405.88, 1405.88, 118.64, 0, 0, '2019-01-26 00:00:00', 222, '2019-01-26 00:00:00', '2019-01-26 00:00:00'),
(89, 4, 83, 13.7, 25.5, 25.5, 1399.95, 1399.95, 118.64, 0, 0, '2019-01-26 00:00:00', 222, '2019-01-26 00:00:00', '2019-01-26 00:00:00'),
(90, 4, 84, 13.6, 25.4, 25.4, 1399.95, 1399.95, 118.64, 0, 0, '2019-01-26 00:00:00', 222, '2019-01-26 00:00:00', '2019-01-26 00:00:00'),
(91, 4, 85, 13.5, 25.3, 25.3, 1399.95, 1399.95, 118.64, 0, 0, '2019-01-26 00:00:00', 222, '2019-01-26 00:00:00', '2019-01-26 00:00:00'),
(92, 4, 86, 13.7, 25.3, 25.3, 1376.22, 1376.22, 118.64, 0, 0, '2019-01-26 00:00:00', 222, '2019-01-26 00:00:00', '2019-01-26 00:00:00'),
(93, 4, 87, 13.6, 28.38, 28.38, 1753.5, 1753.5, 118.64, 0, 0, '2019-01-26 00:00:00', 222, '2019-01-26 00:00:00', '2019-01-26 00:00:00'),
(94, 4, 88, 13.7, 25.5, 25.5, 1399.95, 1399.95, 118.64, 0, 0, '2019-01-26 00:00:00', 222, '2019-01-26 00:00:00', '2019-01-26 00:00:00'),
(95, 4, 89, 13.6, 25.4, 25.4, 1399.95, 1399.95, 118.64, 0, 0, '2019-01-26 00:00:00', 222, '2019-01-26 00:00:00', '2019-01-26 00:00:00'),
(96, 4, 90, 13.6, 25.4, 25.4, 1399.95, 1399.95, 118.64, 0, 0, '2019-01-26 00:00:00', 222, '2019-01-26 00:00:00', '2019-01-26 00:00:00'),
(97, 4, 91, 13.5, 25.4, 25.4, 1411.82, 1411.82, 118.64, 0, 0, '2019-01-26 00:00:00', 222, '2019-01-26 00:00:00', '2019-01-26 00:00:00'),
(98, 4, 92, 13.6, 25.4, 25.4, 1399.95, 1399.95, 118.64, 0, 0, '2019-01-26 00:00:00', 222, '2019-01-26 00:00:00', '2019-01-26 00:00:00'),
(99, 4, 93, 13.6, 25.35, 25.35, 1394.02, 1394.02, 118.64, 0, 0, '2019-01-26 00:00:00', 222, '2019-01-26 00:00:00', '2019-01-26 00:00:00'),
(100, 4, 94, 13.6, 25.45, 25.45, 1405.88, 1405.88, 118.64, 0, 0, '2019-01-26 00:00:00', 222, '2019-01-26 00:00:00', '2019-01-26 00:00:00'),
(101, 4, 95, 13.6, 25.4, 25.4, 1399.95, 1399.95, 118.64, 0, 0, '2019-01-26 00:00:00', 222, '2019-01-26 00:00:00', '2019-01-26 00:00:00'),
(102, 4, 96, 13.6, 25.4, 25.4, 1399.95, 1399.95, 118.64, 1, 13.6, '2019-01-27 00:00:00', 222, '2019-01-26 00:00:00', '2019-01-26 00:00:00'),
(103, 4, 97, 13.5, 25.3, 25.3, 1399.95, 1399.95, 118.64, 0, 0, '2019-01-26 00:00:00', 222, '2019-01-26 00:00:00', '2019-01-26 00:00:00'),
(104, 5, 4, 13.6, 25.8, 25.8, 1447.41, 1447.41, 118.64, 1, 21, '2019-01-27 03:49:02', 222, '2019-01-27 00:00:00', '2019-01-27 00:00:00'),
(105, 6, 3, 13.6, 50, 50, 4318.5, 4318.5, 118.64, 1, 18.6, '2019-01-27 03:49:02', 222, '2019-01-27 04:36:41', '2019-01-27 04:36:41'),
(106, 44, 10, 13.5, 20, 17, 415.24, 771.16, 118.64, 0, 0, '2019-01-27 01:12:31', 222, '2019-01-27 01:12:31', '2019-01-27 01:12:31'),
(107, 44, 12, 13.6, 20, 16, 284.736, 759.3, 118.64, 0, 0, '2019-01-27 01:12:31', 222, '2019-01-27 01:12:31', '2019-01-27 01:12:31'),
(108, 45, 13, 13.6, 20, 16.6, 355.92, 759.3, 118.64, 0, 0, '2019-01-27 02:45:24', 222, '2019-01-27 02:45:24', '2019-01-27 02:45:24'),
(109, 45, 107, 13.6, 25.2, 25.2, 1376.22, 1376.22, 118.64, 0, 0, '2019-01-27 02:45:24', 222, '2019-01-27 02:45:24', '2019-01-27 02:45:24'),
(110, 45, 108, 13.4, 25.2, 22.4, 1067.76, 1399.95, 118.64, 0, 0, '2019-01-27 02:45:24', 222, '2019-01-27 02:45:24', '2019-01-27 02:45:24'),
(111, 45, 109, 13.6, 25.4, 25.4, 1399.95, 1399.95, 118.64, 0, 0, '2019-01-27 02:45:24', 222, '2019-01-27 02:45:24', '2019-01-27 02:45:24'),
(112, 46, 15, 13.6, 20, 20, 759.296, 759.3, 118.64, 0, 0, '2019-01-27 02:51:28', 222, '2019-01-27 02:51:28', '2019-01-27 02:51:28'),
(113, 47, 98, 13.5, 25.3, 24.5, 1305.04, 1399.95, 118.64, 0, 0, '2019-01-27 02:51:43', 222, '2019-01-27 02:51:43', '2019-01-27 02:51:43'),
(114, 48, 99, 13.4, 25.3, 24.4, 1305.04, 1411.82, 118.64, 0, 0, '2019-01-27 02:59:22', 222, '2019-01-27 02:59:22', '2019-01-27 02:59:22'),
(115, 48, 100, 13.8, 25.8, 25.8, 1423.68, 1423.68, 118.64, 0, 0, '2019-01-27 02:59:22', 222, '2019-01-27 02:59:22', '2019-01-27 02:59:22'),
(116, 49, 101, 13.5, 25.3, 25.3, 1399.95, 1399.95, 118.64, 0, 0, '2019-01-27 03:08:13', 222, '2019-01-27 03:08:13', '2019-01-27 03:08:13'),
(117, 50, 101, 13.5, 25.3, 25.3, 1399.95, 1399.95, 118.64, 0, 0, '2019-01-27 03:08:41', 222, '2019-01-27 03:08:41', '2019-01-27 03:08:41'),
(118, 51, 101, 13.5, 25.3, 25.3, 1399.95, 1399.95, 118.64, 0, 0, '2019-01-27 03:08:46', 222, '2019-01-27 03:08:46', '2019-01-27 03:08:46'),
(119, 51, 102, 13.6, 25.35, 25, 1352.5, 1394.02, 118.64, 0, 0, '2019-01-27 03:08:46', 222, '2019-01-27 03:08:46', '2019-01-27 03:08:46'),
(120, 52, 103, 13.7, 25.4, 25, 1340.63, 1388.09, 118.64, 0, 0, '2019-01-27 03:09:46', 222, '2019-01-27 03:09:46', '2019-01-27 03:09:46'),
(121, 52, 104, 13.5, 25.3, 25.3, 1399.95, 1399.95, 118.64, 0, 0, '2019-01-27 03:09:46', 222, '2019-01-27 03:09:46', '2019-01-27 03:09:46'),
(122, 53, 105, 13.6, 25.4, 25.4, 1399.95, 1399.95, 118.64, 0, 0, '2019-01-27 03:10:40', 222, '2019-01-27 03:10:40', '2019-01-27 03:10:40'),
(123, 54, 110, 13.4, 25.2, 25, 1376.22, 1399.95, 118.64, 0, 0, '2019-01-27 03:10:50', 222, '2019-01-27 03:10:50', '2019-01-27 03:10:50');

-- --------------------------------------------------------

--
-- Table structure for table `roles`
--

CREATE TABLE `roles` (
  `ID` int(11) NOT NULL,
  `Name` text NOT NULL,
  `Description` text NOT NULL,
  `PerformedBy` int(11) NOT NULL,
  `DateAdded` datetime NOT NULL,
  `DateModified` datetime NOT NULL
) ENGINE=InnoDB DEFAULT CHARSET=latin1;

--
-- Dumping data for table `roles`
--

INSERT INTO `roles` (`ID`, `Name`, `Description`, `PerformedBy`, `DateAdded`, `DateModified`) VALUES
(1, 'Admin', '', 0, '0000-00-00 00:00:00', '0000-00-00 00:00:00'),
(2, 'Driver', '', 0, '0000-00-00 00:00:00', '0000-00-00 00:00:00'),
(3, 'Shop', '', 0, '0000-00-00 00:00:00', '0000-00-00 00:00:00'),
(4, 'Customer', '', 0, '0000-00-00 00:00:00', '0000-00-00 00:00:00'),
(5, 'Sales', '', 0, '0000-00-00 00:00:00', '0000-00-00 00:00:00'),
(6, 'Plant', '', 0, '0000-00-00 00:00:00', '0000-00-00 00:00:00'),
(7, 'User', '', 0, '0000-00-00 00:00:00', '0000-00-00 00:00:00');

-- --------------------------------------------------------

--
-- Table structure for table `sales`
--

CREATE TABLE `sales` (
  `ID` int(11) NOT NULL,
  `ShopID` int(11) NOT NULL,
  `CustomerID` int(11) NOT NULL,
  `GasRate` float NOT NULL,
  `Total` float NOT NULL,
  `Balance` float NOT NULL,
  `Paid` float NOT NULL,
  `Unpaid` float NOT NULL,
  `Note` text NOT NULL,
  `PerformedBy` int(11) NOT NULL,
  `DateAdded` datetime NOT NULL,
  `DateModified` datetime NOT NULL
) ENGINE=InnoDB DEFAULT CHARSET=latin1;

--
-- Dumping data for table `sales`
--

INSERT INTO `sales` (`ID`, `ShopID`, `CustomerID`, `GasRate`, `Total`, `Balance`, `Paid`, `Unpaid`, `Note`, `PerformedBy`, `DateAdded`, `DateModified`) VALUES
(3, 222, 223, 150, 1770, 0, 1400, 370, '', 222, '2019-03-06 00:00:00', '2019-03-06 00:00:00'),
(4, 222, 224, 150, 888, 0, 700, 188, '', 222, '2019-03-06 00:00:00', '2019-03-06 00:00:00'),
(5, 222, 225, 118.644, 2800, 0, 2800, 0, '25-01-19', 222, '2019-03-06 00:00:00', '2019-03-06 00:00:00'),
(6, 222, 226, 117.647, 1400, 0, 1400, 0, '25-01-19', 222, '2019-03-06 00:00:00', '2019-03-06 00:00:00'),
(7, 222, 227, 118.644, 1400, 0, 1400, 0, '25-01-19', 222, '2019-03-06 00:00:00', '2019-03-06 00:00:00'),
(8, 222, 228, 118.644, 1400, 0, 1400, 0, '26-01-19', 222, '2019-03-06 00:00:00', '2019-03-06 00:00:00'),
(9, 222, 229, 118.644, 4200, 0, 4200, 0, '26-01-19\r\nwe issue 3 new empty\r\nhe pay 9000', 222, '2019-03-06 00:00:00', '2019-03-06 00:00:00'),
(10, 222, 230, 118.644, 1400, 0, 1400, 0, '26-01-19\r\nwe issue 1 new empty\r\nhe deposited 3000', 222, '2019-03-06 00:00:00', '2019-03-06 00:00:00'),
(11, 222, 231, 118.644, 1400, 0, 1400, 0, '26-01-19', 222, '2019-03-06 00:00:00', '2019-03-06 00:00:00'),
(12, 222, 283, 118.644, 1400, 0, 1400, 0, '26-01-19', 222, '2019-03-06 00:00:00', '2019-03-06 00:00:00'),
(13, 222, 233, 118.943, 5400, 0, 5400, 0, '26-01-19', 222, '2019-03-06 00:00:00', '2019-03-06 00:00:00'),
(14, 222, 234, 118.644, 1400, 0, 1400, 0, '26-01-19', 222, '2019-03-06 00:00:00', '2019-03-06 00:00:00'),
(15, 222, 235, 118.644, 1400, 0, 1400, 0, '26-01-19', 222, '2019-03-06 00:00:00', '2019-03-06 00:00:00'),
(16, 222, 225, 118.644, 2800, 0, 2800, 0, '26-01-19', 222, '2019-01-26 00:00:00', '2019-01-26 00:00:00'),
(17, 222, 284, 118.943, 10800, 0, 10800, 0, '26-01-19', 222, '2019-01-26 00:00:00', '2019-01-26 00:00:00'),
(18, 222, 268, 117.647, 1400, 0, 1400, 0, '26-01-19', 222, '2019-01-26 00:00:00', '2019-01-26 00:00:00'),
(19, 222, 236, 118.644, 1400, 0, 1400, 0, '26-01-19', 222, '2019-01-26 00:00:00', '2019-01-26 00:00:00'),
(20, 222, 286, 117.647, 1400, 0, 0, 1400, '26-01-19', 222, '2019-01-26 00:00:00', '2019-01-26 00:00:00'),
(21, 222, 237, 118.644, 1400, 0, 1400, 0, '', 222, '2019-01-26 00:00:00', '2019-01-26 00:00:00'),
(22, 222, 238, 118.881, 6800, 0, 6800, 0, '', 222, '2019-01-26 00:00:00', '2019-01-26 00:00:00'),
(23, 222, 239, 118.65, 1400.07, 0, 1400, 0.07, '', 222, '2019-01-27 00:00:00', '2019-01-27 00:00:00'),
(24, 222, 239, 118.65, 1400.07, 0, 1400, 0.07, '', 222, '2019-01-27 00:00:00', '2019-01-27 00:00:00'),
(25, 222, 240, 118.65, 1400.07, 0, 1400, 0.07, '', 222, '2019-01-27 00:00:00', '2019-01-27 00:00:00'),
(26, 222, 241, 118.65, 4223.94, 0, 4200, 23.94, '', 222, '2019-01-27 00:00:00', '2019-01-27 00:00:00'),
(27, 222, 249, 118.644, 2800, 0, 2800, 0, '27-01-19', 222, '2019-01-27 00:00:00', '2019-01-27 00:00:00'),
(28, 222, 242, 118.644, 1400, 0, 1400, 0, '', 222, '2019-01-27 00:00:00', '2019-01-27 00:00:00'),
(29, 222, 245, 118.644, 1400, 0, 1400, 0, '', 222, '2019-01-27 00:00:00', '2019-01-27 00:00:00'),
(30, 222, 238, 118.644, 4200, 0, 4200, 0, '28-01-19', 222, '2019-01-27 00:00:00', '2019-01-27 00:00:00'),
(31, 222, 309, 118.943, 5400, 0, 0, 5400, '', 222, '2019-01-27 00:00:00', '2019-01-27 00:00:00'),
(32, 222, 243, 118.86, 9800, 0, 9800, 0, '28-01-19', 222, '2019-01-27 00:00:00', '2019-01-27 00:00:00'),
(33, 222, 244, 118.499, 12600, 0, 12600, 0, '28-01-19', 222, '2019-01-27 00:00:00', '2019-01-27 00:00:00'),
(34, 222, 223, 118.64, 4318.5, 0, 4318.5, 0, '', 222, '2019-01-27 03:23:12', '2019-01-27 03:23:12'),
(35, 222, 223, 118.64, 949.12, 0, 949.12, 0, '', 222, '2019-01-27 03:23:45', '2019-01-27 03:23:45'),
(36, 222, 223, 118.64, 1233.86, 0, 1233, 0.86, '', 222, '2019-01-27 03:25:38', '2019-01-27 03:25:38'),
(37, 222, 223, 118.64, 1352.5, 0, 1352, 0.5, '', 222, '2019-01-27 03:28:15', '2019-01-27 03:28:15'),
(38, 222, 223, 118.64, 1340.63, 0, 712, 628.63, '', 222, '2019-01-27 03:30:50', '2019-01-27 03:30:50'),
(39, 222, 223, 118.64, 1767.74, 0, 1767.74, 0, '', 222, '2019-01-27 03:31:57', '2019-01-27 03:31:57'),
(40, 222, 223, 118.64, 1637.23, 0, 1637.23, 0, '', 222, '2019-01-27 03:40:50', '2019-01-27 03:40:50'),
(41, 222, 223, 118.64, 1305.04, 11, 0, 0, '', 222, '2019-01-27 03:51:47', '2019-01-27 03:51:47');

-- --------------------------------------------------------

--
-- Table structure for table `sales_amount`
--

CREATE TABLE `sales_amount` (
  `ID` int(11) NOT NULL,
  `SaleID` int(11) NOT NULL,
  `Paid` float NOT NULL,
  `Unpaid` float NOT NULL,
  `PerformedBy` int(11) NOT NULL,
  `Note` text NOT NULL,
  `DateAdded` datetime NOT NULL,
  `DateModified` datetime NOT NULL
) ENGINE=InnoDB DEFAULT CHARSET=latin1;

--
-- Dumping data for table `sales_amount`
--

INSERT INTO `sales_amount` (`ID`, `SaleID`, `Paid`, `Unpaid`, `PerformedBy`, `Note`, `DateAdded`, `DateModified`) VALUES
(3, 3, 1400, 370, 222, '', '2019-03-06 00:00:00', '2019-03-06 00:00:00'),
(4, 4, 700, 188, 222, '', '2019-03-06 00:00:00', '2019-03-06 00:00:00'),
(5, 5, 2800, 0, 222, '25-01-19', '2019-03-06 00:00:00', '2019-03-06 00:00:00'),
(6, 6, 1400, 0, 222, '25-01-19', '2019-03-06 00:00:00', '2019-03-06 00:00:00'),
(7, 7, 1400, 0, 222, '25-01-19', '2019-03-06 00:00:00', '2019-03-06 00:00:00'),
(8, 8, 1400, 0, 222, '26-01-19', '2019-03-06 00:00:00', '2019-03-06 00:00:00'),
(9, 9, 4200, 0, 222, '26-01-19\r\nwe issue 3 new empty\r\nhe pay 9000', '2019-03-06 00:00:00', '2019-03-06 00:00:00'),
(10, 10, 1400, 0, 222, '26-01-19\r\nwe issue 1 new empty\r\nhe deposited 3000', '2019-03-06 00:00:00', '2019-03-06 00:00:00'),
(11, 11, 1400, 0, 222, '26-01-19', '2019-03-06 00:00:00', '2019-03-06 00:00:00'),
(12, 12, 1400, 0, 222, '26-01-19', '2019-03-06 00:00:00', '2019-03-06 00:00:00'),
(13, 13, 5400, 0, 222, '26-01-19', '2019-03-06 00:00:00', '2019-03-06 00:00:00'),
(14, 14, 1400, 0, 222, '26-01-19', '2019-03-06 00:00:00', '2019-03-06 00:00:00'),
(15, 15, 1400, 0, 222, '26-01-19', '2019-03-06 00:00:00', '2019-03-06 00:00:00'),
(16, 16, 2800, 0, 222, '26-01-19', '2019-01-26 00:00:00', '2019-01-26 00:00:00'),
(17, 17, 10800, 0, 222, '26-01-19', '2019-01-26 00:00:00', '2019-01-26 00:00:00'),
(18, 18, 1400, 0, 222, '26-01-19', '2019-01-26 00:00:00', '2019-01-26 00:00:00'),
(19, 19, 1400, 0, 222, '26-01-19', '2019-01-26 00:00:00', '2019-01-26 00:00:00'),
(20, 20, 0, 1400, 222, '26-01-19', '2019-01-26 00:00:00', '2019-01-26 00:00:00'),
(21, 21, 1400, 0, 222, '', '2019-01-26 00:00:00', '2019-01-26 00:00:00'),
(22, 22, 6800, 0, 222, '', '2019-01-26 00:00:00', '2019-01-26 00:00:00'),
(23, 23, 1400, 0.07, 222, '', '2019-01-27 00:00:00', '2019-01-27 00:00:00'),
(24, 24, 1400, 0.07, 222, '', '2019-01-27 00:00:00', '2019-01-27 00:00:00'),
(25, 25, 1400, 0.07, 222, '', '2019-01-27 00:00:00', '2019-01-27 00:00:00'),
(26, 26, 4200, 23.94, 222, '', '2019-01-27 00:00:00', '2019-01-27 00:00:00'),
(27, 27, 2800, 0, 222, '27-01-19', '2019-01-27 00:00:00', '2019-01-27 00:00:00'),
(28, 28, 1400, 0, 222, '', '2019-01-27 00:00:00', '2019-01-27 00:00:00'),
(29, 29, 1400, 0, 222, '', '2019-01-27 00:00:00', '2019-01-27 00:00:00'),
(30, 30, 4200, 0, 222, '28-01-19', '2019-01-27 00:00:00', '2019-01-27 00:00:00'),
(31, 31, 0, 5400, 222, '', '2019-01-27 00:00:00', '2019-01-27 00:00:00'),
(32, 32, 9800, 0, 222, '28-01-19', '2019-01-27 00:00:00', '2019-01-27 00:00:00'),
(33, 33, 12600, 0, 222, '28-01-19', '2019-01-27 00:00:00', '2019-01-27 00:00:00'),
(34, 34, 4318.5, 0, 222, '', '2019-01-27 03:23:12', '2019-01-27 03:23:12'),
(35, 35, 949.12, 0, 222, '', '2019-01-27 03:23:45', '2019-01-27 03:23:45'),
(36, 36, 1233, 0.86, 222, '', '2019-01-27 03:25:38', '2019-01-27 03:25:38'),
(37, 37, 1352, 0.5, 222, '', '2019-01-27 03:28:15', '2019-01-27 03:28:15'),
(38, 38, 712, 628.63, 222, '', '2019-01-27 03:30:50', '2019-01-27 03:30:50'),
(39, 39, 1767.74, 0, 222, '', '2019-01-27 03:31:57', '2019-01-27 03:31:57'),
(40, 40, 1637.23, 0, 222, '', '2019-01-27 03:40:50', '2019-01-27 03:40:50'),
(41, 41, 0, 0, 222, '', '2019-01-27 03:51:47', '2019-01-27 03:51:47');

-- --------------------------------------------------------

--
-- Table structure for table `sale_details`
--

CREATE TABLE `sale_details` (
  `ID` int(11) NOT NULL,
  `SaleID` int(11) NOT NULL,
  `CylinderID` int(11) NOT NULL,
  `TierWeight` float NOT NULL,
  `ShopTotalWeight` float NOT NULL,
  `TotalWeight` float NOT NULL,
  `Price` float NOT NULL,
  `GasRate` float NOT NULL,
  `ReturnStatus` int(11) NOT NULL,
  `ReturnWeight` float NOT NULL,
  `ReturnDate` datetime NOT NULL,
  `PerformedBy` int(11) NOT NULL,
  `DateAdded` datetime NOT NULL,
  `DateModified` datetime NOT NULL
) ENGINE=InnoDB DEFAULT CHARSET=latin1;

--
-- Dumping data for table `sale_details`
--

INSERT INTO `sale_details` (`ID`, `SaleID`, `CylinderID`, `TierWeight`, `ShopTotalWeight`, `TotalWeight`, `Price`, `GasRate`, `ReturnStatus`, `ReturnWeight`, `ReturnDate`, `PerformedBy`, `DateAdded`, `DateModified`) VALUES
(3, 3, 29, 13.4, 0, 25.2, 1770, 150, 1, 13, '2019-01-26 00:00:00', 222, '2019-03-06 00:00:00', '2019-03-06 00:00:00'),
(4, 4, 75, 8.38, 0, 14.3, 888, 150, 1, 8, '2019-01-26 00:00:00', 222, '2019-03-06 00:00:00', '2019-03-06 00:00:00'),
(5, 5, 34, 13.6, 0, 25.4, 1400, 118.644, 1, 13, '2019-01-26 00:00:00', 222, '2019-03-06 00:00:00', '2019-03-06 00:00:00'),
(6, 5, 20, 13.5, 0, 25.3, 1400, 118.644, 1, 13, '2019-01-26 00:00:00', 222, '2019-03-06 00:00:00', '2019-03-06 00:00:00'),
(7, 6, 26, 13.6, 0, 25.5, 1400, 117.647, 1, 13, '2019-01-26 00:00:00', 222, '2019-03-06 00:00:00', '2019-03-06 00:00:00'),
(8, 7, 10, 13.5, 0, 25.3, 1400, 118.644, 1, 13, '2019-01-26 00:00:00', 222, '2019-03-06 00:00:00', '2019-03-06 00:00:00'),
(9, 8, 27, 13.7, 0, 25.5, 1400, 118.644, 1, 13, '2019-01-26 00:00:00', 222, '2019-03-06 00:00:00', '2019-03-06 00:00:00'),
(10, 9, 13, 13.6, 0, 25.4, 1400, 118.644, 1, 13, '2019-01-26 00:00:00', 222, '2019-03-06 00:00:00', '2019-03-06 00:00:00'),
(11, 9, 38, 13.5, 0, 25.3, 1400, 118.644, 1, 13, '2019-01-26 00:00:00', 222, '2019-03-06 00:00:00', '2019-03-06 00:00:00'),
(12, 9, 3, 13.6, 0, 25.4, 1400, 118.644, 1, 13, '2019-01-26 00:00:00', 222, '2019-03-06 00:00:00', '2019-03-06 00:00:00'),
(13, 10, 25, 13.6, 0, 25.4, 1400, 118.644, 1, 13, '2019-01-26 00:00:00', 222, '2019-03-06 00:00:00', '2019-03-06 00:00:00'),
(14, 11, 4, 13.6, 0, 25.4, 1400, 118.644, 1, 13, '2019-01-26 00:00:00', 222, '2019-03-06 00:00:00', '2019-03-06 00:00:00'),
(15, 12, 31, 13.6, 0, 25.4, 1400, 118.644, 1, 13, '2019-01-26 00:00:00', 222, '2019-03-06 00:00:00', '2019-03-06 00:00:00'),
(16, 13, 56, 41.1, 0, 86.5, 5400, 118.943, 1, 41, '2019-01-26 00:00:00', 222, '2019-03-06 00:00:00', '2019-03-06 00:00:00'),
(17, 14, 15, 13.6, 0, 25.4, 1400, 118.644, 1, 13, '2019-01-26 00:00:00', 222, '2019-03-06 00:00:00', '2019-03-06 00:00:00'),
(18, 15, 16, 13.6, 0, 25.4, 1400, 118.644, 1, 13, '2019-01-26 00:00:00', 222, '2019-03-06 00:00:00', '2019-03-06 00:00:00'),
(19, 16, 18, 13.6, 0, 25.4, 1400, 118.644, 1, 13, '2019-01-26 00:00:00', 222, '2019-01-26 00:00:00', '2019-01-26 00:00:00'),
(20, 16, 12, 13.6, 0, 25.4, 1400, 118.644, 1, 13, '2019-01-26 00:00:00', 222, '2019-01-26 00:00:00', '2019-01-26 00:00:00'),
(21, 17, 53, 41.2, 0, 86.6, 5400, 118.943, 1, 41, '2019-01-26 00:00:00', 222, '2019-01-26 00:00:00', '2019-01-26 00:00:00'),
(22, 17, 54, 41.1, 0, 86.5, 5400, 118.943, 1, 41, '2019-01-26 00:00:00', 222, '2019-01-26 00:00:00', '2019-01-26 00:00:00'),
(23, 18, 41, 13.6, 0, 25.5, 1400, 117.647, 1, 13, '2019-01-26 00:00:00', 222, '2019-01-26 00:00:00', '2019-01-26 00:00:00'),
(24, 19, 32, 13.4, 0, 25.2, 1400, 118.644, 1, 13, '2019-01-26 00:00:00', 222, '2019-01-26 00:00:00', '2019-01-26 00:00:00'),
(25, 20, 22, 13.8, 0, 25.7, 1400, 117.647, 1, 13, '2019-01-26 00:00:00', 222, '2019-01-26 00:00:00', '2019-01-26 00:00:00'),
(26, 21, 37, 13.5, 0, 25.3, 1400, 118.644, 1, 13, '2019-01-26 00:00:00', 222, '2019-01-26 00:00:00', '2019-01-26 00:00:00'),
(27, 22, 23, 13.4, 0, 25.2, 1400, 118.644, 1, 13, '2019-01-26 00:00:00', 222, '2019-01-26 00:00:00', '2019-01-26 00:00:00'),
(28, 22, 48, 41.3, 0, 86.7, 5400, 118.943, 1, 41, '2019-01-26 00:00:00', 222, '2019-01-26 00:00:00', '2019-01-26 00:00:00'),
(29, 23, 96, 13.6, 0, 25.4, 1400.07, 118.65, 0, 0, '1970-01-01 00:00:00', 222, '2019-01-27 00:00:00', '2019-01-27 00:00:00'),
(30, 24, 96, 13.6, 0, 25.4, 1400.07, 118.65, 1, 13, '2019-01-27 00:00:00', 222, '2019-01-27 00:00:00', '2019-01-27 00:00:00'),
(31, 25, 36, 13.6, 0, 25.4, 1400.07, 118.65, 0, 0, '1970-01-01 00:00:00', 222, '2019-01-27 00:00:00', '2019-01-27 00:00:00'),
(32, 26, 11, 13.5, 0, 25.3, 1400.07, 118.65, 0, 0, '1970-01-01 00:00:00', 222, '2019-01-27 00:00:00', '2019-01-27 00:00:00'),
(33, 26, 33, 13.6, 0, 25.4, 1400.07, 118.65, 0, 0, '1970-01-01 00:00:00', 222, '2019-01-27 00:00:00', '2019-01-27 00:00:00'),
(34, 26, 35, 13.5, 0, 25.5, 1423.8, 118.65, 0, 0, '1970-01-01 00:00:00', 222, '2019-01-27 00:00:00', '2019-01-27 00:00:00'),
(35, 27, 81, 13.5, 0, 25.25, 1400, 119.149, 1, 14, '2019-01-27 00:00:00', 222, '2019-01-27 00:00:00', '2019-01-27 00:00:00'),
(36, 27, 82, 13.5, 0, 25.35, 1400, 118.143, 1, 13, '2019-01-27 00:00:00', 222, '2019-01-27 00:00:00', '2019-01-27 00:00:00'),
(37, 28, 89, 13.6, 0, 25.4, 1400, 118.644, 0, 0, '1970-01-01 00:00:00', 222, '2019-01-27 00:00:00', '2019-01-27 00:00:00'),
(38, 29, 85, 13.5, 0, 25.3, 1400, 118.644, 0, 0, '1970-01-01 00:00:00', 222, '2019-01-27 00:00:00', '2019-01-27 00:00:00'),
(39, 30, 28, 13.5, 0, 25.3, 1400, 118.644, 1, 13, '2019-01-27 00:00:00', 222, '2019-01-27 00:00:00', '2019-01-27 00:00:00'),
(40, 30, 14, 13.6, 0, 25.4, 1400, 118.644, 1, 13, '2019-01-27 00:00:00', 222, '2019-01-27 00:00:00', '2019-01-27 00:00:00'),
(41, 30, 19, 13.6, 0, 25.4, 1400, 118.644, 0, 0, '1970-01-01 00:00:00', 222, '2019-01-27 00:00:00', '2019-01-27 00:00:00'),
(42, 31, 51, 41, 0, 86.4, 5400, 118.943, 0, 0, '1970-01-01 00:00:00', 222, '2019-01-27 00:00:00', '2019-01-27 00:00:00'),
(43, 32, 95, 13.6, 0, 25.4, 1400, 118.644, 0, 0, '1970-01-01 00:00:00', 222, '2019-01-27 00:00:00', '2019-01-27 00:00:00'),
(44, 32, 93, 13.6, 0, 25.4, 1400, 118.644, 0, 0, '1970-01-01 00:00:00', 222, '2019-01-27 00:00:00', '2019-01-27 00:00:00'),
(45, 32, 92, 13.6, 0, 25.4, 1400, 118.644, 0, 0, '1970-01-01 00:00:00', 222, '2019-01-27 00:00:00', '2019-01-27 00:00:00'),
(46, 32, 86, 13.7, 0, 25.3, 1400, 120.69, 0, 0, '1970-01-01 00:00:00', 222, '2019-01-27 00:00:00', '2019-01-27 00:00:00'),
(47, 32, 91, 13.5, 0, 25.4, 1400, 117.647, 0, 0, '1970-01-01 00:00:00', 222, '2019-01-27 00:00:00', '2019-01-27 00:00:00'),
(48, 32, 78, 13.4, 0, 25.2, 1400, 118.644, 0, 0, '1970-01-01 00:00:00', 222, '2019-01-27 00:00:00', '2019-01-27 00:00:00'),
(49, 32, 80, 13.6, 0, 25.35, 1400, 119.149, 0, 0, '1970-01-01 00:00:00', 222, '2019-01-27 00:00:00', '2019-01-27 00:00:00'),
(50, 33, 84, 13.6, 0, 25.4, 1400, 118.644, 0, 0, '1970-01-01 00:00:00', 222, '2019-01-27 00:00:00', '2019-01-27 00:00:00'),
(51, 33, 5, 13.7, 0, 25.5, 1400, 118.644, 1, 16, '2019-01-27 03:42:04', 222, '2019-01-27 00:00:00', '2019-01-27 00:00:00'),
(52, 33, 97, 13.5, 0, 25.3, 1400, 118.644, 0, 0, '1970-01-01 00:00:00', 222, '2019-01-27 00:00:00', '2019-01-27 00:00:00'),
(53, 33, 90, 13.6, 0, 25.4, 1400, 118.644, 0, 0, '1970-01-01 00:00:00', 222, '2019-01-27 00:00:00', '2019-01-27 00:00:00'),
(54, 33, 87, 16.5, 0, 28.38, 1400, 117.845, 0, 0, '1970-01-01 00:00:00', 222, '2019-01-27 00:00:00', '2019-01-27 00:00:00'),
(55, 33, 79, 13.6, 0, 25.4, 1400, 118.644, 0, 0, '1970-01-01 00:00:00', 222, '2019-01-27 00:00:00', '2019-01-27 00:00:00'),
(56, 33, 83, 13.7, 0, 25.5, 1400, 118.644, 0, 0, '1970-01-01 00:00:00', 222, '2019-01-27 00:00:00', '2019-01-27 00:00:00'),
(57, 33, 94, 13.6, 0, 25.45, 1400, 118.143, 0, 0, '1970-01-01 00:00:00', 222, '2019-01-27 00:00:00', '2019-01-27 00:00:00'),
(58, 33, 88, 13.7, 0, 25.5, 1400, 118.644, 0, 0, '1970-01-01 00:00:00', 222, '2019-01-27 00:00:00', '2019-01-27 00:00:00'),
(59, 34, 3, 13.6, 0, 50, 4318.5, 118.64, 1, 18, '2019-01-27 03:42:04', 222, '2019-01-27 03:23:12', '2019-01-27 03:23:12'),
(60, 35, 6, 13.3, 0, 21.3, 949.12, 118.64, 1, 18, '2019-01-27 03:50:43', 222, '2019-01-27 03:23:45', '2019-01-27 03:23:45'),
(61, 36, 4, 13.6, 0, 24, 1233.86, 118.64, 1, 21, '2019-01-27 03:42:04', 222, '2019-01-27 03:25:38', '2019-01-27 03:25:38'),
(62, 37, 7, 13.6, 0, 25, 1352.5, 118.64, 0, 0, '1970-01-01 00:00:00', 222, '2019-01-27 03:28:15', '2019-01-27 03:28:15'),
(63, 38, 8, 13.7, 0, 25, 1340.63, 118.64, 0, 0, '1970-01-01 00:00:00', 222, '2019-01-27 03:30:50', '2019-01-27 03:30:50'),
(64, 39, 9, 13.6, 0, 25, 1352.5, 118.64, 0, 0, '1970-01-01 00:00:00', 222, '2019-01-27 03:31:57', '2019-01-27 03:31:57'),
(65, 39, 10, 13.5, 0, 17, 415.24, 118.64, 0, 0, '1970-01-01 00:00:00', 222, '2019-01-27 03:31:57', '2019-01-27 03:31:57'),
(66, 40, 12, 13.6, 16, 14.6, 118.64, 118.64, 0, 0, '1970-01-01 00:00:00', 222, '2019-01-27 03:40:50', '2019-01-27 03:40:50'),
(67, 40, 13, 13.6, 16.6, 14.6, 118.64, 118.64, 0, 0, '1970-01-01 00:00:00', 222, '2019-01-27 03:40:50', '2019-01-27 03:40:50'),
(68, 40, 14, 13.6, 25.4, 25.4, 1399.95, 118.64, 0, 0, '1970-01-01 00:00:00', 222, '2019-01-27 03:40:50', '2019-01-27 03:40:50'),
(69, 41, 5, 13.7, 25.5, 24.7, 1305.04, 118.64, 0, 0, '1970-01-01 00:00:00', 222, '2019-01-27 03:51:47', '2019-01-27 03:51:47');

-- --------------------------------------------------------

--
-- Table structure for table `users`
--

CREATE TABLE `users` (
  `ID` int(11) NOT NULL,
  `Username` text NOT NULL,
  `Password` text NOT NULL,
  `RoleID` int(11) NOT NULL,
  `Image` text NOT NULL,
  `Name` text NOT NULL,
  `Number` text NOT NULL,
  `Email` text NOT NULL,
  `Address` text NOT NULL,
  `Balance` float NOT NULL,
  `Credit` float NOT NULL,
  `ShopID` int(11) NOT NULL,
  `PlantID` int(11) NOT NULL,
  `CreditLimit` float NOT NULL,
  `SendSMS` int(11) NOT NULL,
  `Remarks` text NOT NULL,
  `SecurityDeposite` float NOT NULL,
  `Status` int(11) NOT NULL,
  `PerformedBy` int(11) NOT NULL,
  `LastLogin` datetime NOT NULL,
  `LastActivity` datetime NOT NULL,
  `DateModified` datetime NOT NULL,
  `DateAdded` datetime NOT NULL
) ENGINE=InnoDB DEFAULT CHARSET=latin1;

--
-- Dumping data for table `users`
--

INSERT INTO `users` (`ID`, `Username`, `Password`, `RoleID`, `Image`, `Name`, `Number`, `Email`, `Address`, `Balance`, `Credit`, `ShopID`, `PlantID`, `CreditLimit`, `SendSMS`, `Remarks`, `SecurityDeposite`, `Status`, `PerformedBy`, `LastLogin`, `LastActivity`, `DateModified`, `DateAdded`) VALUES
(1, 'admin', '@dmin123', 1, '', '', '', '', '', 0, 0, 0, 0, 0, 0, '', 0, 1, 0, '2019-01-27 02:45:36', '2019-01-27 02:45:36', '0000-00-00 00:00:00', '0000-00-00 00:00:00'),
(216, 'SG-Plant', '123', 6, '', 'SGD Plant', '03219292414', 'sgd@sgd.com', 'Hyd', 0, 0, 0, 0, 0, 1, '', 0, 1, 1, '2019-01-27 03:56:21', '2019-01-27 04:05:32', '0000-00-00 00:00:00', '2019-03-05 03:44:24'),
(220, 'sg-driver1', '123', 2, '', 'Muhammad Hashim', '0300', 'sgd@sgd.com', 'Driver - Hyd', 0, 0, 0, 216, 0, 0, '', 0, 1, 216, '2019-01-27 12:45:01', '2019-01-27 12:45:04', '0000-00-00 00:00:00', '2019-01-27 12:44:52'),
(222, 'sg-shop', '789', 3, '', 'SGD Shop-1', '03123786999', 'sgd@sgd.com', 'HYD', 20.1, 4318.5, 0, 216, 0, 1, '', 0, 1, 216, '2019-01-27 03:52:15', '2019-01-27 03:55:30', '2019-01-27 03:22:43', '2019-03-05 05:47:29'),
(223, '1552603907', 'O0AG1651937051FQ1W25K11552603907014L', 4, '', 'MUHAMMAD MEMON', '03008372243', '', 'MARHABA CITY', 6.7, 0, 222, 216, 1000, 1, '25-01-19', 0, 1, 222, '0000-00-00 00:00:00', '0000-00-00 00:00:00', '0000-00-00 00:00:00', '2019-03-05 06:47:42'),
(224, '1551853813', 'D1PU1429564372W2S6Q4E61551853813MRA2', 4, '', 'ARBAR ALI', '03153696718', '', 'BY PASS', 0, 0, 222, 216, 1000, 1, '25-1-19 sale 6 kg', 0, 1, 222, '0000-00-00 00:00:00', '0000-00-00 00:00:00', '0000-00-00 00:00:00', '2019-03-05 06:48:42'),
(225, '1551855681', 'UEGX65169967L2KOI3PQ15518556815Z1V', 4, '', 'DOST ALI', '03003355428', '', 'ISRA UNIVERSITY', 0, 0, 222, 216, 1000, 1, '', 0, 1, 222, '0000-00-00 00:00:00', '0000-00-00 00:00:00', '0000-00-00 00:00:00', '2019-03-05 06:49:50'),
(226, '1551854058', 'GMUW1953556029GEKDCPVB1551854058N0GK', 4, '', 'ASIF GUJJAR', '03060546694', '', 'BY PASS', 0, 0, 222, 216, 1000, 1, '', 0, 1, 222, '0000-00-00 00:00:00', '0000-00-00 00:00:00', '0000-00-00 00:00:00', '2019-03-05 06:53:52'),
(227, '1551854121', 'T3S51749451571CGC2OP0N1551854121HJNO', 4, '', 'MUHAMMAD ZAMAN', '03133102145', '', 'MATYARI', 0, 0, 222, 216, 1000, 1, '', 0, 1, 222, '0000-00-00 00:00:00', '0000-00-00 00:00:00', '0000-00-00 00:00:00', '2019-03-05 06:55:02'),
(228, '1551854439', 'SVZ51454117649MCPARNC51551854439HGPO', 4, '', 'MUHAMMAD SHAFIQUE', '03332706084', '', 'HALLA NAKA', 0, 0, 222, 216, 1000, 1, '', 0, 1, 222, '0000-00-00 00:00:00', '0000-00-00 00:00:00', '0000-00-00 00:00:00', '2019-03-05 06:55:51'),
(229, '1551854673', 'M2I01272728571MHAOC5MF1551854673RQUZ', 4, '', 'AJEEB UR REHMAN', '03023043277', '', 'BY PASS', 0, 0, 222, 216, 1000, 1, '', 0, 1, 222, '0000-00-00 00:00:00', '0000-00-00 00:00:00', '0000-00-00 00:00:00', '2019-03-05 06:56:56'),
(230, '1551854832', 'QIUR2112722705C12VOEG11551854832QN5Q', 4, '', 'ZAIN UL ABIDEEN', '03133449943', '', 'ZAFFAR HOUSING SCHEME', 0, 0, 222, 216, 1000, 1, '', 0, 1, 222, '0000-00-00 00:00:00', '0000-00-00 00:00:00', '0000-00-00 00:00:00', '2019-03-05 06:58:11'),
(231, '1551854961', 'IBHI386979552ZJHWRPSS1551854961BESH', 4, '', 'SRI CHAND', '03013849322', '', 'QASIMABAD', 0, 0, 222, 216, 1000, 1, '', 0, 1, 222, '0000-00-00 00:00:00', '0000-00-00 00:00:00', '0000-00-00 00:00:00', '2019-03-05 06:59:30'),
(232, '1551790820', '5XCU2078482041KU1I2ERT1551790820I2IR', 4, '', 'SAJJID', '03111383286', '', 'BANGLA SHAM SING', 0, 0, 222, 216, 1000, 1, '', 0, 1, 222, '0000-00-00 00:00:00', '0000-00-00 00:00:00', '0000-00-00 00:00:00', '2019-03-05 07:00:20'),
(233, '1551855325', 'DGSF1606711535ASEPJXLD1551855325UQ3C', 4, '', 'GULAM RABANI', '03133850385', '', 'SAIMA PLAZA', 0, 0, 222, 216, 1000, 1, '', 0, 1, 222, '0000-00-00 00:00:00', '0000-00-00 00:00:00', '0000-00-00 00:00:00', '2019-03-05 07:01:12'),
(234, '1551855496', 'INEM481092481CFCU2PDO15518554960I0L', 4, '', 'FIDDA HUSAIN', '03122572305', '', 'QASIMABAD', 0, 0, 222, 216, 1000, 1, '', 0, 1, 222, '0000-00-00 00:00:00', '0000-00-00 00:00:00', '0000-00-00 00:00:00', '2019-03-05 07:02:16'),
(235, '1551855578', '0VQU1297548426NWOZRNE51551855578OP5G', 4, '', 'MUHAMMAD FAROOQUE', '03033538953', '', 'NEW HYDERABAD CITY', 0, 0, 222, 216, 1000, 1, '', 0, 1, 222, '0000-00-00 00:00:00', '0000-00-00 00:00:00', '0000-00-00 00:00:00', '2019-03-05 07:03:35'),
(236, '1551857330', 'HRR61073045770V41HXTBC1551857330H3HH', 4, '', 'SYED ULLAH', '03452444469', '', 'ISRA VILLAGE', 0, 0, 222, 216, 1000, 0, '', 0, 1, 222, '0000-00-00 00:00:00', '0000-00-00 00:00:00', '0000-00-00 00:00:00', '2019-03-05 07:04:34'),
(237, '1551858095', '3Q3S1741457249BIQ2S41F1551858095GWIW', 4, '', 'GULZAR', '03433205225', '', 'KHYBER WAZIRISTAN', 0, 0, 222, 216, 1000, 0, '', 0, 1, 222, '0000-00-00 00:00:00', '0000-00-00 00:00:00', '0000-00-00 00:00:00', '2019-03-05 07:09:46'),
(238, '1551875497', 'OJF61010905059ORTIJKQT1551875497S1AZ', 4, '', 'HAMZA RESTURANT', '03013628519', '', 'ISRA UNIVERSITY', 0.15, 0, 222, 216, 1000, 0, '', 0, 1, 222, '0000-00-00 00:00:00', '0000-00-00 00:00:00', '0000-00-00 00:00:00', '2019-03-05 07:11:01'),
(239, '1551861852', '2XXI57136524026VPHDQG15518618524JHU', 4, '', 'MUSTAQUE ABRO', '03003422161', '', 'ISRA HOSPITAL', 0, 0, 222, 216, 1000, 0, '', 0, 1, 222, '0000-00-00 00:00:00', '0000-00-00 00:00:00', '0000-00-00 00:00:00', '2019-03-05 07:14:35'),
(240, '1551865412', 'E3CB1152047147UJOLFXWD1551865412QTP3', 4, '', 'SAMEER COTTON FACTORY', '03343225434', '', 'ANDHERI MORI', 0, 0, 222, 216, 1000, 0, '', 0, 1, 222, '0000-00-00 00:00:00', '0000-00-00 00:00:00', '0000-00-00 00:00:00', '2019-03-05 07:15:38'),
(241, '1551869078', 'GJHL568346987BMTI5UVL15518690786FQH', 4, '', 'DAWOOD BILAL TRAVELS ', '03454991237', '', 'BY PASS', 0, 0, 222, 216, 1000, 0, '', 0, 1, 222, '0000-00-00 00:00:00', '0000-00-00 00:00:00', '0000-00-00 00:00:00', '2019-03-05 07:16:31'),
(242, '1551873916', 'MWI291541042ZGXXWO0P1551873916OWHE', 4, '', 'ROSHAN', '03013343935', '', 'ISRA UNIVERSITY AL NOOR', 0, 0, 222, 216, 1000, 0, '', 0, 1, 222, '0000-00-00 00:00:00', '0000-00-00 00:00:00', '0000-00-00 00:00:00', '2019-03-05 07:17:45'),
(243, '1551877490', '6EKB11567916704NQF11NW15518774904B5E', 4, '', 'ASGHAR SHAH', '03059835818', '', 'ISRA UNIVERSITY', 0, 0, 222, 216, 1000, 0, '', 0, 1, 222, '0000-00-00 00:00:00', '0000-00-00 00:00:00', '0000-00-00 00:00:00', '2019-03-05 07:18:51'),
(244, '1551877938', 'A4V345647598EN6IGWLW1551877938LCAU', 4, '', 'PREMIUM OIL', '03463072357', '', 'KOTRI', 3, 0, 222, 216, 1000, 1, '', 0, 1, 222, '0000-00-00 00:00:00', '0000-00-00 00:00:00', '0000-00-00 00:00:00', '2019-03-05 07:19:43'),
(245, '1551874044', 'SWCV1230774070HZLPSZWL1551874044ORLC', 4, '', 'MUHAMMAD PUNNAL', '03123569541', '', 'MARHABA COLONY', 0, 0, 222, 216, 1000, 0, '', 0, 1, 222, '0000-00-00 00:00:00', '0000-00-00 00:00:00', '0000-00-00 00:00:00', '2019-03-05 07:20:46'),
(246, '1551792106', 'PPKS964546372HIQUUKML15517921063QZU', 4, '', 'RAJAB ALI', '03013513680', '', 'MATYARI', 0, 0, 222, 216, 1000, 1, '', 0, 1, 222, '0000-00-00 00:00:00', '0000-00-00 00:00:00', '0000-00-00 00:00:00', '2019-03-05 07:21:46'),
(247, '1551792187', 'XIRW1143424318FKXSWIDI15517921870LWF', 4, '', 'GENTLE MAN', '03438303508', '', 'Blue Sky BY PASS', 0, 0, 222, 216, 1000, 1, '', 0, 1, 222, '0000-00-00 00:00:00', '0000-00-00 00:00:00', '0000-00-00 00:00:00', '2019-01-27 00:00:00'),
(248, '1551792248', 'ZCAT1688366033BJZELUR51551792248D0F1', 4, '', 'HASNAIN RAZA', '03027888207', '', 'QASIM GHAROO', 0, 0, 222, 216, 1000, 1, '', 0, 1, 222, '0000-00-00 00:00:00', '0000-00-00 00:00:00', '0000-00-00 00:00:00', '2019-03-05 07:24:08'),
(249, '1551873841', '5TZL15134895076EJF4JKE155187384120JU', 4, '', 'ZAHEER', '03023003909', '', 'ISRA UNIVERSITY', 1.45, 0, 222, 216, 1000, 0, '', 0, 1, 222, '0000-00-00 00:00:00', '0000-00-00 00:00:00', '0000-00-00 00:00:00', '2019-03-05 07:25:18'),
(250, '1551792392', '3UZB817261835QF21XMVI1551792392ETR2', 4, '', 'Ali Engnr Works', '03013564827', '', 'LATEEF SHAH MORI', 0, 0, 222, 216, 2000, 0, '', 0, 1, 222, '0000-00-00 00:00:00', '0000-00-00 00:00:00', '0000-00-00 00:00:00', '2019-01-27 00:00:00'),
(251, '1551792485', '0PNZ13492456344E0U3Q201551792485BHUK', 4, '', 'TAJ DAR -E- MADINA HOTEL', '03003793565', '', 'BY PASS', 0, 0, 222, 216, 1000, 1, '', 0, 1, 222, '0000-00-00 00:00:00', '0000-00-00 00:00:00', '0000-00-00 00:00:00', '2019-03-05 07:28:05'),
(252, '1551792563', 'RIGA12410259996XRBTZI31551792563GOR6', 4, '', 'JABIR', '03043037273', '', 'TANDO MUHAMMAD KHAN', 0, 0, 222, 216, 1000, 1, '', 0, 1, 222, '0000-00-00 00:00:00', '0000-00-00 00:00:00', '0000-00-00 00:00:00', '2019-03-05 07:29:23'),
(253, '1551792626', 'ERMB1908401367LWQGK6MP15517926261Q2V', 4, '', 'AHMED MAQBOOL', '03333543375', '', 'MARHABA CITY', 0, 0, 222, 216, 1000, 1, '', 0, 1, 222, '0000-00-00 00:00:00', '0000-00-00 00:00:00', '0000-00-00 00:00:00', '2019-03-05 07:30:26'),
(254, '1551793583', 'AGUF1803643138HIKSUAEI15517935830QOF', 4, '', 'GULAM NABBI', '03063041895', '', 'NEW HYDERABAD CITY', 0, 0, 222, 216, 1000, 1, '', 0, 1, 222, '0000-00-00 00:00:00', '0000-00-00 00:00:00', '0000-00-00 00:00:00', '2019-03-05 07:46:23'),
(255, '1551793825', '3C4R1564957711FFM2M2U01551793825DNU3', 4, '', 'KHALID', '03455155451', '', 'MASOO', 0, 0, 222, 216, 1000, 1, '', 0, 1, 222, '0000-00-00 00:00:00', '0000-00-00 00:00:00', '0000-00-00 00:00:00', '2019-03-05 07:50:25'),
(256, '1551793909', 'XAQM21328638686GI2Z4I315517939093WQN', 4, '', 'MUHAMMAD MUBEEN', '03063545932', '', 'NEW HYDERABAD CITY', 0, 0, 222, 216, 1000, 1, '', 0, 1, 222, '0000-00-00 00:00:00', '0000-00-00 00:00:00', '0000-00-00 00:00:00', '2019-03-05 07:51:49'),
(257, '1551793986', '3CA51489404226WLDIREMJ1551793986J4IP', 4, '', 'SINDH AGRO', '03322886468', '', 'BY PASS', 0, 0, 222, 216, 1000, 1, '', 0, 1, 222, '0000-00-00 00:00:00', '0000-00-00 00:00:00', '0000-00-00 00:00:00', '2019-03-05 07:53:06'),
(258, '1551794038', 'SXKN1485096034LWZ4ETSV1551794038ORQZ', 4, '', 'MAROOF', '03123142773', '', 'BY PASS', 0, 0, 222, 216, 1000, 1, '', 0, 1, 222, '0000-00-00 00:00:00', '0000-00-00 00:00:00', '0000-00-00 00:00:00', '2019-03-05 07:53:58'),
(259, '1551794081', 'JE5N42027961IOUHB6RJ15517940812HVW', 4, '', 'AMJAD ALI', '03063508348', '', 'BY PASS', 0, 0, 222, 216, 1000, 1, '', 0, 1, 222, '0000-00-00 00:00:00', '0000-00-00 00:00:00', '0000-00-00 00:00:00', '2019-03-05 07:54:41'),
(260, '1551794142', 'XIVC1988598947N13ICGIZ155179414264ME', 4, '', 'SHABEER AHMED', '03033003097', '', 'BY PASS', 0, 0, 222, 216, 1000, 1, '', 0, 1, 222, '0000-00-00 00:00:00', '0000-00-00 00:00:00', '0000-00-00 00:00:00', '2019-03-05 07:55:42'),
(261, '1551794211', 'FEAS189508634OF0MTK5P1551794211TLNV', 4, '', 'DANISH', '03343171509', '', 'MUHAMMAD BUX', 0, 0, 222, 216, 1000, 1, '', 0, 1, 222, '0000-00-00 00:00:00', '0000-00-00 00:00:00', '0000-00-00 00:00:00', '2019-03-05 07:56:51'),
(262, '1551794277', '6M1S1261547582XGHSBT421551794277UZCZ', 4, '', 'ISLAMIA PAKWAN CENTER', '03113085204', '', 'KALI MORI AKEEL PLAZA', 0, 0, 222, 216, 1000, 1, '', 0, 1, 222, '0000-00-00 00:00:00', '0000-00-00 00:00:00', '0000-00-00 00:00:00', '2019-03-05 07:57:57'),
(263, '1551794327', 'JCPH337275115WMQM204P1551794327B3CB', 4, '', 'NOOR AHMED', '03353134073', '', 'ISRA UNIVERSITY', 0, 0, 222, 216, 1000, 1, '', 0, 1, 222, '0000-00-00 00:00:00', '0000-00-00 00:00:00', '0000-00-00 00:00:00', '2019-03-05 07:58:47'),
(264, '1551794386', 'EHJS233584061LS1ENVEF1551794386ZXBW', 4, '', 'MUHAMMAD USMAN ', '030131522767', '', 'DUBAI CITY', 0, 0, 222, 216, 1000, 1, '', 0, 1, 222, '0000-00-00 00:00:00', '0000-00-00 00:00:00', '0000-00-00 00:00:00', '2019-03-05 07:59:46'),
(265, '1551794482', 'POX01729282412SQKVVNKX1551794482S5HW', 4, '', 'BUSINESS AND GENTLE MAN', '03360397857', '', 'BY PASS', 0, 0, 222, 216, 1000, 1, '', 0, 1, 222, '0000-00-00 00:00:00', '0000-00-00 00:00:00', '0000-00-00 00:00:00', '2019-03-05 08:01:22'),
(266, '1551794536', 'RSRA7007732985XBWSOLR15517945365WO0', 4, '', 'MATEEULLAH', '03136549699', '', 'TANDO JAM', 0, 0, 222, 216, 1000, 1, '', 0, 1, 222, '0000-00-00 00:00:00', '0000-00-00 00:00:00', '0000-00-00 00:00:00', '2019-03-05 08:02:16'),
(267, '1551794591', 'NA3A973063660V4IMJBC31551794591MFHG', 4, '', 'AMEER BUX', '03178951431', '', 'ISRA VILLAGE', 0, 0, 222, 216, 1000, 1, '', 0, 1, 222, '0000-00-00 00:00:00', '0000-00-00 00:00:00', '0000-00-00 00:00:00', '2019-03-05 08:03:11'),
(268, '1551857269', 'GICX19454622705UAAI6VG155185726934WR', 4, '', 'THE INDUS', '03452097696', '', 'BY PASS', 0, 0, 222, 216, 1000, 0, '', 0, 1, 222, '0000-00-00 00:00:00', '0000-00-00 00:00:00', '0000-00-00 00:00:00', '2019-03-05 08:03:57'),
(269, '1551794682', 'UCXG2094704827DDHZQWWS1551794682AWE5', 4, '', 'SHEHZAD', '03013525524', '', 'HIGHWAY', 0, 0, 222, 216, 1000, 1, '', 0, 1, 222, '0000-00-00 00:00:00', '0000-00-00 00:00:00', '0000-00-00 00:00:00', '2019-03-05 08:04:42'),
(270, '1551794730', 'SLXP1715984505SQ3QS3RJ15517947306FXQ', 4, '', 'IRSHAD ALI', '03028933280', '', 'BY PASS', 0, 0, 222, 216, 1000, 1, '', 0, 1, 222, '0000-00-00 00:00:00', '0000-00-00 00:00:00', '0000-00-00 00:00:00', '2019-03-05 08:05:30'),
(271, '1551794838', 'QBBU533686567MMEZ25CL15517948385RPF', 4, '', 'WASEEM SHAH', '03023040742', '', 'BY PASS', 0, 0, 222, 216, 1000, 1, '', 0, 1, 222, '0000-00-00 00:00:00', '0000-00-00 00:00:00', '0000-00-00 00:00:00', '2019-03-05 08:07:18'),
(272, '1551794905', 'U4OG380027888SSWS1L3J1551794905QJ6P', 4, '', 'AKHTAR MUHAMMAD', '03070134376', '', 'HALLA NAKA', 0, 0, 222, 216, 1000, 1, '', 0, 1, 222, '0000-00-00 00:00:00', '0000-00-00 00:00:00', '0000-00-00 00:00:00', '2019-03-05 08:08:25'),
(273, '1551794946', 'U1IH1950661345FFMUE5LF1551794946GP0D', 4, '', 'RIZWAN SHOES', '03003036735', '', 'BY PASS', 0, 0, 222, 216, 1000, 1, '', 0, 1, 222, '0000-00-00 00:00:00', '0000-00-00 00:00:00', '0000-00-00 00:00:00', '2019-03-05 08:09:06'),
(274, '1551795040', 'OPWH434090645IA3NVWBV1551795040MUNT', 4, '', 'NASIR BHATTI', '03003038185', '', 'BY PASS', 0, 0, 222, 216, 1000, 1, '', 0, 1, 222, '0000-00-00 00:00:00', '0000-00-00 00:00:00', '0000-00-00 00:00:00', '2019-03-05 08:10:40'),
(275, '1551795110', 'WWBW1279167120D15W3FCJ1551795110CPGH', 4, '', 'MUHAMMAD ALI', '03063253020', '', 'MEHHAR', 0, 0, 222, 216, 1000, 1, '', 0, 1, 222, '0000-00-00 00:00:00', '0000-00-00 00:00:00', '0000-00-00 00:00:00', '2019-03-05 08:11:50'),
(276, '1551795166', 'OAWD233380792ORJAJ2E11551795166RKDL', 4, '', 'M. YAQOOB JISKANI', '03023255194', '', 'MARHABA CITY', 0, 0, 222, 216, 1000, 1, '', 0, 1, 222, '0000-00-00 00:00:00', '0000-00-00 00:00:00', '0000-00-00 00:00:00', '2019-03-05 08:12:46'),
(277, '1551795266', 'SM4U1838268486SQCOBBCC1551795266MZF1', 4, '', 'ADEEL', '03332381901', '', 'ISRA VILLAGE', 0, 0, 222, 216, 1000, 1, '', 0, 1, 222, '0000-00-00 00:00:00', '0000-00-00 00:00:00', '0000-00-00 00:00:00', '2019-03-05 08:14:26'),
(278, '1551795332', 'GWUL20392614600RRHI0KA1551795332J4L5', 4, '', 'ABDUL RAZZAQUE', '03163391668', '', 'BY PASS', 0, 0, 222, 216, 1000, 1, '', 0, 1, 222, '0000-00-00 00:00:00', '0000-00-00 00:00:00', '0000-00-00 00:00:00', '2019-03-05 08:15:32'),
(279, '1551795378', '5MZG371945650VHKB2ZQ61551795378GDWL', 4, '', 'ABDUL HAKEEM', '03003015171', '', 'MARHABA CITY', 0, 0, 222, 216, 1000, 1, '', 0, 1, 222, '0000-00-00 00:00:00', '0000-00-00 00:00:00', '0000-00-00 00:00:00', '2019-03-05 08:16:18'),
(280, '1551795457', 'ET0G11677130631VUHZWZK15517954570T1J', 4, '', 'SHAHMEER', '03003056056', '', 'MATYARI', 0, 0, 222, 216, 1000, 1, '', 0, 1, 222, '0000-00-00 00:00:00', '0000-00-00 00:00:00', '0000-00-00 00:00:00', '2019-03-05 08:17:37'),
(281, '1551795718', 'ZPT0460375246Z0QXFQFT1551795718CQCC', 4, '', 'ALI GULL', '03045644921', '', 'HAJI UMER PALARI', 0, 0, 222, 216, 1000, 1, '', 0, 1, 222, '0000-00-00 00:00:00', '0000-00-00 00:00:00', '0000-00-00 00:00:00', '2019-03-05 08:21:58'),
(282, '1551795788', '03V41994790434L5F3F04X15517957883EVK', 4, '', 'GRAND NASEEM PETROLIUM SERVICE', '03349898602', '', 'CHANDAN MORI TOTAL PUMP', 0, 0, 222, 216, 1000, 1, '', 0, 1, 222, '0000-00-00 00:00:00', '0000-00-00 00:00:00', '0000-00-00 00:00:00', '2019-03-05 08:23:08'),
(283, '1551855236', 'WLOB1175325599TTA3FSUM1551855236CRRZ', 4, '', 'sajjad ali', '03110656965', '', 'masoo bhurguri', 0, 0, 222, 216, 0, 1, '', 0, 1, 222, '0000-00-00 00:00:00', '0000-00-00 00:00:00', '2019-03-06 00:00:00', '0000-00-00 00:00:00'),
(284, '1551856238', 'FADW1204242917JMTLK6N615518562380FFW', 4, '', 'abdul jabbar', '0315659885', '', 'tando muhammad khan', 0, 0, 222, 216, 0, 0, '', 0, 1, 222, '0000-00-00 00:00:00', '0000-00-00 00:00:00', '2019-01-26 00:00:00', '0000-00-00 00:00:00'),
(285, '1551857848', 'MC2E69048449836RNPAZF1551857848RI32', 4, '', 'Ghulam Hussain', '03154789078', '', 'New HYD City', 0, 0, 222, 216, 2000, 0, '', 0, 1, 222, '0000-00-00 00:00:00', '0000-00-00 00:00:00', '0000-00-00 00:00:00', '2019-01-26 00:00:00'),
(286, '1551857960', 'DU1J1655189711TJITMG6S1551857960TGXP', 4, '', 'SHAHBAZ', '03023018619', '', 'BY PASS', 0, 0, 222, 216, 0, 0, '', 0, 1, 222, '0000-00-00 00:00:00', '0000-00-00 00:00:00', '2019-01-26 00:00:00', '0000-00-00 00:00:00'),
(287, '1551858072', 'AIAP420391176GUM5C1DC1551858072V0JJ', 4, '', 'Niaz Hussain', '03003452020', '', 'Marhaba City', 0, 0, 222, 216, 2000, 0, '', 0, 1, 222, '0000-00-00 00:00:00', '0000-00-00 00:00:00', '0000-00-00 00:00:00', '2019-01-26 00:00:00'),
(288, '1551858153', 'WANG162009575SH2WKH441551858153GEV4', 4, '', 'Riaz Hussain', '03068260972', '', 'Marhaba City', 0, 0, 222, 216, 2000, 0, '', 0, 1, 222, '0000-00-00 00:00:00', '0000-00-00 00:00:00', '0000-00-00 00:00:00', '2019-01-26 00:00:00'),
(289, '1551858258', 'MAH52027528405FHI2JRCD1551858258D5CL', 4, '', 'Dr Aslam Memon', '03353044480', '', 'Youth Hostel Jamshoro', 0, 0, 222, 216, 2000, 0, '', 0, 1, 222, '0000-00-00 00:00:00', '0000-00-00 00:00:00', '0000-00-00 00:00:00', '2019-01-26 00:00:00'),
(290, '1551858854', 'ENIW477575830DB0NQQR41551858854RRNX', 4, '', 'Haider', '03317139559', '', 'Moro', 0, 0, 222, 216, 2000, 0, '', 0, 1, 222, '0000-00-00 00:00:00', '0000-00-00 00:00:00', '0000-00-00 00:00:00', '2019-01-26 00:00:00'),
(291, '1551858921', '0KMB1204659165IW4QNU421551858921MV6I', 4, '', 'Dr  Habib', '03003067530', '', 'Iqra Village', 0, 0, 222, 216, 2000, 0, '', 0, 1, 222, '0000-00-00 00:00:00', '0000-00-00 00:00:00', '0000-00-00 00:00:00', '2019-01-26 00:00:00'),
(292, '1551859035', 'LHJW462875592R5NSMT2I1551859035COMA', 4, '', 'Umair', '03112054003', '', 'Barhum House', 0, 0, 222, 216, 2000, 0, '', 0, 1, 222, '0000-00-00 00:00:00', '0000-00-00 00:00:00', '0000-00-00 00:00:00', '2019-01-26 00:00:00'),
(293, '1551859166', 'D1T3553596240DJW5TXRP1551859166JRHI', 4, '', 'Ayoub', '03023013800', '', 'By Pass', 0, 0, 222, 216, 2000, 0, '', 0, 1, 222, '0000-00-00 00:00:00', '0000-00-00 00:00:00', '0000-00-00 00:00:00', '2019-01-26 00:00:00'),
(294, '1551859291', 'RFJ51476060328FLJQLZ0O1551859291N6KJ', 4, '', 'Shoaib ', '03443313520', '', 'Zaffar Housing Scheme', 0, 0, 222, 216, 2000, 0, '', 0, 1, 222, '0000-00-00 00:00:00', '0000-00-00 00:00:00', '0000-00-00 00:00:00', '2019-01-26 00:00:00'),
(295, '1551859504', 'RJ5Z694205229M5X32KLN1551859504IXZC', 4, '', 'Sajid', '03111383786', '', 'Bangla Sham Sing', 0, 0, 222, 216, 2000, 0, '', 0, 1, 222, '0000-00-00 00:00:00', '0000-00-00 00:00:00', '0000-00-00 00:00:00', '2019-01-26 00:00:00'),
(296, '1551860196', '03321592940824DKKAFO3H1551860196J0ER', 4, '', 'Khyber Pump', '03003421976', '', 'By Pass', 0, 0, 222, 216, 2000, 0, '', 0, 1, 222, '0000-00-00 00:00:00', '0000-00-00 00:00:00', '0000-00-00 00:00:00', '2019-01-26 00:00:00'),
(297, '1551860311', 'J4HR1597258290DWA4546C1551860311VCI5', 4, '', 'Shehroz', '03450384606', '', 'Zaffar Housing scheme', 0, 0, 222, 216, 2000, 0, '', 0, 1, 222, '0000-00-00 00:00:00', '0000-00-00 00:00:00', '0000-00-00 00:00:00', '2019-01-26 00:00:00'),
(298, '1551860392', '02SS1448172232ESZF1N3W15518603924XKQ', 4, '', 'M. Farooque', '03033538952', '', 'Haji Hashim Goth', 0, 0, 222, 216, 2000, 0, '', 0, 1, 222, '0000-00-00 00:00:00', '0000-00-00 00:00:00', '0000-00-00 00:00:00', '2019-01-26 00:00:00'),
(299, '1551860523', 'E5FE479302219PIXRCUOW15518605236EJJ', 4, '', 'M. Arif', '03003008145', '', 'Marhaba City', 0, 0, 222, 216, 2000, 0, '', 0, 1, 222, '0000-00-00 00:00:00', '0000-00-00 00:00:00', '0000-00-00 00:00:00', '2019-01-26 00:00:00'),
(300, '1551860610', 'W6UJ12967469662TJWHH261551860610EKXK', 4, '', 'Dubai City', '03163697031', '', 'By Pass', 0, 0, 222, 216, 2000, 0, '', 0, 1, 222, '0000-00-00 00:00:00', '0000-00-00 00:00:00', '0000-00-00 00:00:00', '2019-01-26 00:00:00'),
(301, '1551860912', 'W4OW2046923028KROMUXW515518609120OZ4', 4, '', 'Rab Nawaz', '03083073340', '', 'By Pass', 0, 0, 222, 216, 2000, 0, '', 0, 1, 222, '0000-00-00 00:00:00', '0000-00-00 00:00:00', '0000-00-00 00:00:00', '2019-01-27 00:00:00'),
(302, '1551861873', 'V3R6437569169DPPQPKGH1551861873E1KR', 4, '', 'SHO M.Korai', '03013475199', '', 'Marhaba By Pass', 0, 0, 222, 216, 2000, 0, '', 0, 1, 222, '0000-00-00 00:00:00', '0000-00-00 00:00:00', '0000-00-00 00:00:00', '2019-01-27 00:00:00'),
(303, '1551861954', 'FDE11186656851D45BROKW15518619542PI4', 4, '', 'Abdul Razzaque', '03023082130', '', 'Isra Sindh Bhitai', 0, 0, 222, 216, 2000, 0, '', 0, 1, 222, '0000-00-00 00:00:00', '0000-00-00 00:00:00', '0000-00-00 00:00:00', '2019-01-27 00:00:00'),
(304, '1551862052', 'XN131414128287IF3GFFGB1551862052PHIK', 4, '', 'Faisal', '0301', '', 'Hala Naka', 0, 0, 222, 216, 2000, 0, '', 0, 1, 222, '0000-00-00 00:00:00', '0000-00-00 00:00:00', '0000-00-00 00:00:00', '2019-01-27 00:00:00'),
(305, '1551862453', 'RMTQ1008281020T6A4RZ1U1551862453SBCJ', 4, '', 'Nawaz', '03063085670', '', 'By Pass', 0, 0, 222, 216, 2000, 0, '', 0, 1, 222, '0000-00-00 00:00:00', '0000-00-00 00:00:00', '0000-00-00 00:00:00', '2019-01-27 00:00:00'),
(306, '1551862600', 'TA1T1578127907DNDPOI2A1551862600K25C', 4, '', 'Waqar', '03173236598', '', 'Goth', 0, 0, 222, 216, 2000, 0, '', 0, 1, 222, '0000-00-00 00:00:00', '0000-00-00 00:00:00', '0000-00-00 00:00:00', '2019-01-27 00:00:00'),
(307, '1551862717', 'WMJW133285647NKMOD0O51551862717H20P', 4, '', 'Muhammad  Ali', '03423734404', '', 'By Pass', 0, 0, 222, 216, 2000, 0, '', 0, 1, 222, '0000-00-00 00:00:00', '0000-00-00 00:00:00', '0000-00-00 00:00:00', '2019-01-27 00:00:00'),
(308, '1551862854', 'J22U52440855755TZST2M1551862854B1VH', 4, '', 'Afaque Ahmed', '03453637178', '', 'Hyd City', 0, 0, 222, 216, 2000, 0, '', 0, 1, 222, '0000-00-00 00:00:00', '0000-00-00 00:00:00', '0000-00-00 00:00:00', '2019-01-27 00:00:00'),
(309, '1551877158', 'UMMD1886415600X614XLFZ1551877158HI25', 4, '', 'TASAWOOR GULL', '03003090652', '', 'BY PASS', 0, 0, 222, 216, 0, 0, '', 0, 1, 222, '0000-00-00 00:00:00', '0000-00-00 00:00:00', '2019-01-27 00:00:00', '0000-00-00 00:00:00'),
(310, 'sales1', '123', 5, '', 'Salesman One', '09001231232', '', '', 0, 0, 222, 216, 0, 1, '', 0, 1, 222, '2019-01-27 03:52:39', '0000-00-00 00:00:00', '0000-00-00 00:00:00', '2019-01-27 03:50:24');

-- --------------------------------------------------------

--
-- Table structure for table `vehicles`
--

CREATE TABLE `vehicles` (
  `ID` int(11) NOT NULL,
  `Name` text COLLATE utf8_unicode_ci NOT NULL,
  `RegistrationNo` text COLLATE utf8_unicode_ci NOT NULL,
  `Details` text COLLATE utf8_unicode_ci NOT NULL,
  `PlantID` int(11) NOT NULL,
  `PerformedBy` int(11) NOT NULL,
  `DateAdded` datetime NOT NULL,
  `DateModified` datetime NOT NULL
) ENGINE=MyISAM DEFAULT CHARSET=utf8 COLLATE=utf8_unicode_ci;

--
-- Dumping data for table `vehicles`
--

INSERT INTO `vehicles` (`ID`, `Name`, `RegistrationNo`, `Details`, `PlantID`, `PerformedBy`, `DateAdded`, `DateModified`) VALUES
(1, 'Rickshaw', 'Loader 01', 'Super Star - Motor Bike Rickshaw', 216, 216, '2019-03-05 04:24:15', '2019-03-05 06:57:11');

--
-- Indexes for dumped tables
--

--
-- Indexes for table `configurations`
--
ALTER TABLE `configurations`
  ADD PRIMARY KEY (`ID`);

--
-- Indexes for table `cylinders`
--
ALTER TABLE `cylinders`
  ADD PRIMARY KEY (`ID`);

--
-- Indexes for table `cylinderstatus`
--
ALTER TABLE `cylinderstatus`
  ADD PRIMARY KEY (`ID`);

--
-- Indexes for table `cylinder_savings`
--
ALTER TABLE `cylinder_savings`
  ADD PRIMARY KEY (`ID`);

--
-- Indexes for table `invoices`
--
ALTER TABLE `invoices`
  ADD PRIMARY KEY (`ID`);

--
-- Indexes for table `notifications`
--
ALTER TABLE `notifications`
  ADD PRIMARY KEY (`ID`);

--
-- Indexes for table `paymentmethods`
--
ALTER TABLE `paymentmethods`
  ADD PRIMARY KEY (`ID`);

--
-- Indexes for table `payments`
--
ALTER TABLE `payments`
  ADD PRIMARY KEY (`ID`);

--
-- Indexes for table `purchases`
--
ALTER TABLE `purchases`
  ADD PRIMARY KEY (`ID`);

--
-- Indexes for table `purchase_details`
--
ALTER TABLE `purchase_details`
  ADD PRIMARY KEY (`ID`);

--
-- Indexes for table `roles`
--
ALTER TABLE `roles`
  ADD PRIMARY KEY (`ID`);

--
-- Indexes for table `sales`
--
ALTER TABLE `sales`
  ADD PRIMARY KEY (`ID`);

--
-- Indexes for table `sales_amount`
--
ALTER TABLE `sales_amount`
  ADD PRIMARY KEY (`ID`);

--
-- Indexes for table `sale_details`
--
ALTER TABLE `sale_details`
  ADD PRIMARY KEY (`ID`);

--
-- Indexes for table `users`
--
ALTER TABLE `users`
  ADD PRIMARY KEY (`ID`);

--
-- Indexes for table `vehicles`
--
ALTER TABLE `vehicles`
  ADD PRIMARY KEY (`ID`);

--
-- AUTO_INCREMENT for dumped tables
--

--
-- AUTO_INCREMENT for table `configurations`
--
ALTER TABLE `configurations`
  MODIFY `ID` bigint(20) UNSIGNED NOT NULL AUTO_INCREMENT, AUTO_INCREMENT=2;
--
-- AUTO_INCREMENT for table `cylinders`
--
ALTER TABLE `cylinders`
  MODIFY `ID` int(10) UNSIGNED NOT NULL AUTO_INCREMENT, AUTO_INCREMENT=139;
--
-- AUTO_INCREMENT for table `cylinderstatus`
--
ALTER TABLE `cylinderstatus`
  MODIFY `ID` int(11) NOT NULL AUTO_INCREMENT, AUTO_INCREMENT=583;
--
-- AUTO_INCREMENT for table `cylinder_savings`
--
ALTER TABLE `cylinder_savings`
  MODIFY `ID` int(11) NOT NULL AUTO_INCREMENT, AUTO_INCREMENT=11;
--
-- AUTO_INCREMENT for table `invoices`
--
ALTER TABLE `invoices`
  MODIFY `ID` int(11) NOT NULL AUTO_INCREMENT, AUTO_INCREMENT=206;
--
-- AUTO_INCREMENT for table `notifications`
--
ALTER TABLE `notifications`
  MODIFY `ID` int(11) NOT NULL AUTO_INCREMENT, AUTO_INCREMENT=27;
--
-- AUTO_INCREMENT for table `paymentmethods`
--
ALTER TABLE `paymentmethods`
  MODIFY `ID` int(11) NOT NULL AUTO_INCREMENT, AUTO_INCREMENT=3;
--
-- AUTO_INCREMENT for table `payments`
--
ALTER TABLE `payments`
  MODIFY `ID` int(11) NOT NULL AUTO_INCREMENT, AUTO_INCREMENT=12;
--
-- AUTO_INCREMENT for table `purchases`
--
ALTER TABLE `purchases`
  MODIFY `ID` int(11) NOT NULL AUTO_INCREMENT, AUTO_INCREMENT=55;
--
-- AUTO_INCREMENT for table `purchase_details`
--
ALTER TABLE `purchase_details`
  MODIFY `ID` int(11) NOT NULL AUTO_INCREMENT, AUTO_INCREMENT=124;
--
-- AUTO_INCREMENT for table `roles`
--
ALTER TABLE `roles`
  MODIFY `ID` int(11) NOT NULL AUTO_INCREMENT, AUTO_INCREMENT=8;
--
-- AUTO_INCREMENT for table `sales`
--
ALTER TABLE `sales`
  MODIFY `ID` int(11) NOT NULL AUTO_INCREMENT, AUTO_INCREMENT=42;
--
-- AUTO_INCREMENT for table `sales_amount`
--
ALTER TABLE `sales_amount`
  MODIFY `ID` int(11) NOT NULL AUTO_INCREMENT, AUTO_INCREMENT=42;
--
-- AUTO_INCREMENT for table `sale_details`
--
ALTER TABLE `sale_details`
  MODIFY `ID` int(11) NOT NULL AUTO_INCREMENT, AUTO_INCREMENT=70;
--
-- AUTO_INCREMENT for table `users`
--
ALTER TABLE `users`
  MODIFY `ID` int(11) NOT NULL AUTO_INCREMENT, AUTO_INCREMENT=311;
--
-- AUTO_INCREMENT for table `vehicles`
--
ALTER TABLE `vehicles`
  MODIFY `ID` int(11) NOT NULL AUTO_INCREMENT, AUTO_INCREMENT=2;
/*!40101 SET CHARACTER_SET_CLIENT=@OLD_CHARACTER_SET_CLIENT */;
/*!40101 SET CHARACTER_SET_RESULTS=@OLD_CHARACTER_SET_RESULTS */;
/*!40101 SET COLLATION_CONNECTION=@OLD_COLLATION_CONNECTION */;
